playlist_id,playlist_owner,playlist,id,name,acousticness,danceability,duration_ms,energy,instrumentalness,key,liveness,loudness,mode,speechiness,tempo,time_signature,valence,key_confidence,mode_confidence,tempo_confidence,time_signature_confidence,end_of_fade_in,start_of_fade_out,mood
37i9dQZF1DXdPec7aLTmlC,Spotify,Happy Hits!,6VrLYoQKdhu1Jruei06t65,Somebody To You,0.0587,0.526,185098,0.818,0,3,0.333,-5.952,1,0.0358,171.96,4,0.896,0.359,0.701,0.149,0.982,0.19138,179.33351,Happy
37i9dQZF1DWSqBruwoIXkA,Spotify,sad hour,2fooMOezILHFlxkCqq3RRm,Rockland,0.786,0.486,217369,0.402,0.000182,5,0.103,-11.389,1,0.048,125.801,4,0.398,0.798,0.646,0.166,1,0.20893,207.52254,Sad
37i9dQZF1DXdPec7aLTmlC,Spotify,Happy Hits!,5KCbr5ndeby4y4ggthdiAb,Wonder,0.131,0.333,172693,0.637,0.000018,1,0.149,-4.904,0,0.0581,139.898,4,0.132,0.107,0.337,0.303,0.34,0.20834,167.5668,Happy
37i9dQZF1DWXLSRKeL7KwM,Spotify,Energy Booster: Country,2EvddT8rcO99bKH0rDHAYG,We Are Tonight,0.0323,0.559,232107,0.812,0,11,0.195,-5.347,1,0.0371,127.911,4,0.472,0.607,0.602,0.696,0.897,2.53678,213.43782,Energetic
37i9dQZF1DX4mWCZw6qYIw,Spotify,songs to scream in the car,0gplL1WMoJ6iYaPgMCL0gX,Easy On Me,0.578,0.604,224695,0.366,0,5,0.133,-7.519,1,0.0282,141.981,4,0.13,0.545,0.58,0.432,1,0.26807,209.58913,Angry
37i9dQZF1DX6VdMW310YC7,Spotify,Chill Tracks,1fhFDn9W8ehz6rqomxDUW4,Leave Me Low,0.54,0.733,178560,0.411,0.00169,10,0.182,-11.507,1,0.0407,125.03,4,0.359,0.531,0.463,0.754,0.691,0,176.2859,Chill
37i9dQZF1DXdPec7aLTmlC,Spotify,Happy Hits!,78nplE9X2ZGvQh3TKgvldE,Rewrite The Stars (with James Arthur & Anne-Marie),0.237,0.67,218293,0.743,0,10,0.465,-4.993,1,0.0393,125.944,4,0.571,0.586,0.42,0.952,0.977,2.74576,211.6615,Happy
37i9dQZF1DWSqBruwoIXkA,Spotify,sad hour,2cEMwE3n0z4Uw4xVwNqDst,Learning To Live Without You,0.747,0.559,193785,0.237,0.00000205,0,0.125,-15.007,1,0.0537,67.442,4,0.174,0.241,0.51,0.014,0.779,0,185.07465,Sad
37i9dQZF1DXdPec7aLTmlC,Spotify,Happy Hits!,1ZLrDPgR7mvuTco3rQK8Pk,Way Back Home (feat. Conor Maynard) - Sam Feldt Edit,0.269,0.737,192453,0.747,0,10,0.219,-4.818,1,0.0323,105.943,4,0.447,0.478,0.43,0.655,0.961,0.34222,189.11491,Happy
37i9dQZF1DWXLSRKeL7KwM,Spotify,Energy Booster: Country,5PAvFGse5jjDH9ke8Mae7D,Just the Way,0.107,0.544,193880,0.829,0,9,0.317,-2.84,1,0.0404,90.048,4,0.815,0.573,0.575,0.026,0.986,0.20898,181.84126,Energetic
37i9dQZF1DXdPec7aLTmlC,Spotify,Happy Hits!,3FeVmId7tL5YN8B7R3imoM,My Universe,0.00813,0.588,228000,0.701,0,9,0.2,-6.39,1,0.0402,104.988,4,0.443,0.089,0.174,0.505,1,2.53678,214.61624,Happy
37i9dQZF1DWSqBruwoIXkA,Spotify,sad hour,2s3CzgeeA7NpLP87ZDbmC8,South Dakota,0.691,0.679,191091,0.332,0,9,0.372,-8.348,1,0.0424,130.013,4,0.675,0.543,0.635,0.398,0.857,0.33084,177.6849,Sad
37i9dQZF1DXdPec7aLTmlC,Spotify,Happy Hits!,31qCy5ZaophVA81wtlwLc4,Anyone,0.181,0.686,190779,0.538,0.00000313,2,0.113,-8.026,1,0.0345,115.884,4,0.584,0.511,0.651,0.921,0.842,2.00853,184.34901,Happy
37i9dQZF1DXdPec7aLTmlC,Spotify,Happy Hits!,0z8hI3OPS8ADPWtoCjjLl6,Summer of Love (Shawn Mendes & Tainy),0.0297,0.776,184104,0.808,0.000127,11,0.103,-4.501,1,0.117,123.988,4,0.494,0.29,0.49,0.781,0.989,0.23234,179.4206,Happy
37i9dQZF1DX6VdMW310YC7,Spotify,Chill Tracks,6qnULXVFGfFqPj0Hpj0tIG,Underwater,0.00745,0.672,297636,0.679,0.0811,2,0.0532,-6.068,1,0.0294,123.019,4,0.321,0.848,0.747,0.711,0.997,0,294.76572,Chill
37i9dQZF1DWSqBruwoIXkA,Spotify,sad hour,5qDERSuqkR2swJWGkH2Oox,Everything Changes,0.87,0.461,190093,0.334,0,10,0.109,-6.829,1,0.0292,144.547,4,0.207,0.572,0.607,0.192,0.432,0.2263,170.79437,Sad
37i9dQZF1DX4mWCZw6qYIw,Spotify,songs to scream in the car,7F1CiKqrY44kh5cDqwHOnx,Love Is Gone - Acoustic,0.882,0.541,176972,0.153,0.00000166,6,0.16,-10.654,1,0.0303,139.644,4,0.359,0.672,0.824,0.205,0.905,0.35542,169.3083,Angry
37i9dQZF1DWXLSRKeL7KwM,Spotify,Energy Booster: Country,7xMFk2Vj2hALyMdzHFopJl,Home Sweet,0.0386,0.58,205947,0.813,0.00000144,11,0.0926,-5.621,1,0.0414,120.973,4,0.473,0.744,0.675,0.765,0.969,0.12018,196.04027,Energetic
37i9dQZF1DXdPec7aLTmlC,Spotify,Happy Hits!,0e8nrvls4Qqv5Rfa2UhqmO,THATS WHAT I WANT,0.00614,0.737,143901,0.846,0,1,0.0486,-4.51,0,0.22,87.981,4,0.546,0.414,0.518,0.065,1,0.20299,140.71294,Happy
37i9dQZF1DXdPec7aLTmlC,Spotify,Happy Hits!,6rAGFY9D3ah6Lb7fUgbNNH,Fake A Smile,0.212,0.447,168118,0.553,0,0,0.165,-4.817,1,0.0322,149.877,4,0.252,0.546,0.599,0.224,0.51,0.11642,161.49478,Happy
37i9dQZF1DXdPec7aLTmlC,Spotify,Happy Hits!,6bQfNiqyCX7UaQSvVVGo4I,Shivers,0.281,0.788,207853,0.859,0,2,0.0424,-2.724,1,0.0856,141.02,4,0.822,0.242,0.529,0.441,1,0.20889,202.04845,Happy
37i9dQZF1DWXLSRKeL7KwM,Spotify,Energy Booster: Country,0QULNNd9z5s35entfiiXoa,Drunk (And I Don't Wanna Go Home),0.00516,0.612,245626,0.884,0,5,0.0997,-4.4,1,0.0459,119.991,4,0.626,0.82,0.574,0.68,1,0.19746,234.53316,Energetic
37i9dQZF1DX6VdMW310YC7,Spotify,Chill Tracks,6WxcciullH40H7bbGbDXlq,Never Give Up,0.483,0.718,231724,0.522,0.835,2,0.0613,-13.119,1,0.0367,115.994,4,0.382,0.325,0.448,0.892,0.967,0,210.45406,Chill
37i9dQZF1DXdPec7aLTmlC,Spotify,Happy Hits!,3DmW6y7wTEYHJZlLo1r6XJ,Shower,0.0317,0.699,206167,0.529,0.0000359,2,0.285,-7.548,1,0.0487,119.987,4,0.121,0.661,0.729,0.284,1,0.2912,199.06467,Happy
37i9dQZF1DXdPec7aLTmlC,Spotify,Happy Hits!,5K6Ssv4Z3zRvxt0P6EKUAP,Heartbreak Anthem (with David Guetta & Little Mix),0.216,0.595,183726,0.784,0,1,0.0608,-4.878,1,0.102,124.111,4,0.479,0,0.249,0.722,1,0.21483,177.53397,Happy
37i9dQZF1DX4mWCZw6qYIw,Spotify,songs to scream in the car,1is8gU4RVcN4J8xItxWoOY,I GUESS I'M IN LOVE,0.877,0.422,204094,0.34,0.0000177,0,0.149,-6.577,1,0.0351,77.213,4,0.223,0.692,0.732,0.233,0.537,0.31932,196.9865,Angry
37i9dQZF1DXdPec7aLTmlC,Spotify,Happy Hits!,3VqeTFIvhxu3DIe4eZVzGq,Butter,0.00323,0.759,164442,0.459,0,8,0.0906,-5.187,1,0.0948,109.997,4,0.695,0.366,0.506,0.763,0.954,0.21478,161.12328,Happy
37i9dQZF1DWXLSRKeL7KwM,Spotify,Energy Booster: Country,3hboOw4dS0aXGuP0fyyvbC,Somebody Like That,0.0152,0.574,198209,0.798,0,6,0.111,-5.356,1,0.0485,105.034,4,0.58,0.767,1,0.332,1,0.17995,188.12227,Energetic
37i9dQZF1DXdPec7aLTmlC,Spotify,Happy Hits!,6SFStUDQZNaGPKWOx9ZiJB,2002,0.0372,0.697,186987,0.683,0,1,0.137,-2.881,0,0.117,96.133,4,0.603,0.251,0.406,0.264,1,0.20313,180.07076,Happy
37i9dQZF1DXdPec7aLTmlC,Spotify,Happy Hits!,23EquxExXkNmGCCY96P0Iu,Hailey,0.0367,0.462,193355,0.745,0,0,0.0795,-6.588,0,0.0699,100.042,4,0.254,0,0.272,0.315,1,0.21039,193.35474,Happy
37i9dQZF1DXdPec7aLTmlC,Spotify,Happy Hits!,2UbVnbE5FH6008mAm6Mmgw,Run,0.326,0.682,169011,0.72,0,11,0.148,-8.173,0,0.0381,117.003,4,0.673,0.47,0.559,0.875,1,0.222,163.06213,Happy
37i9dQZF1DWXLSRKeL7KwM,Spotify,Energy Booster: Country,14GwnOeC9qYEKEA6uOZepa,One Of Them Girls,0.294,0.643,188893,0.79,0,4,0.107,-6.079,1,0.0462,95.987,4,0.8,0.333,0.42,0.681,1,4.98649,184.51157,Energetic
37i9dQZF1DXdPec7aLTmlC,Spotify,Happy Hits!,0v1x6rN6JHRapa03JElljE,Dynamite,0.0112,0.746,199054,0.765,0,6,0.0936,-4.41,0,0.0993,114.044,4,0.737,0.753,0.511,0.922,1,0.22045,193.13779,Happy
37i9dQZF1DXdPec7aLTmlC,Spotify,Happy Hits!,0ZXdzaT1k688dkpNeEgQiV,I Don't Know Why,0.124,0.499,207668,0.898,0.0000072,8,0.0832,-4.181,0,0.124,120.04,4,0.618,0.483,0.461,0.102,1,0.16172,201.32281,Happy
37i9dQZF1DX4mWCZw6qYIw,Spotify,songs to scream in the car,7lPN2DXiMsVn7XUKtOW1CS,drivers license,0.721,0.585,242014,0.436,0.0000131,10,0.105,-8.761,1,0.0601,143.874,4,0.132,0.697,0.544,0.252,0.994,0.21488,234.7131,Angry
37i9dQZF1DX6VdMW310YC7,Spotify,Chill Tracks,1xjvIE3l0BACb24sF2TpPH,Assassin,0.0587,0.637,326000,0.687,0.704,11,0.0917,-8.63,1,0.041,119.995,4,0.0878,0.548,0.531,0.733,1,0,319.315,Chill
37i9dQZF1DXdPec7aLTmlC,Spotify,Happy Hits!,05CwHjIk71RXVU40boRMnR,Call You Mine (feat. Bebe Rexha),0.225,0.591,217653,0.702,0,7,0.414,-5.59,1,0.0289,104.003,4,0.501,0.173,0.397,0.624,1,0,211.74857,Happy
37i9dQZF1DX6VdMW310YC7,Spotify,Chill Tracks,1hBvUKlvyia60edCcBsxkv,Heartaches,0.249,0.764,207628,0.489,0.00176,7,0.0894,-9.41,1,0.0332,119.953,4,0.496,0.72,0.656,0.808,1,0,197.19547,Chill
37i9dQZF1DWXLSRKeL7KwM,Spotify,Energy Booster: Country,1KhrAWvLIjRlQIJtSTgvsi,Would You Go With Me,0.13,0.605,228187,0.864,0.000827,6,0.113,-5.365,1,0.0292,122.918,4,0.736,0.348,0.423,0.932,0.781,0.1156,219.26604,Energetic
37i9dQZF1DXdPec7aLTmlC,Spotify,Happy Hits!,4RVtBlHFKj51Ipvpfv5ER4,Drown (feat. Clinton Kane),0.212,0.573,174062,0.739,0,9,0.175,-5.455,1,0.0581,120.077,4,0.363,0.307,0.488,0.376,0.928,0,164.51918,Happy
37i9dQZF1DXdPec7aLTmlC,Spotify,Happy Hits!,0osvOdeD3YXZiWkT8MKolJ,Lifestyle (feat. Adam Levine),0.0209,0.749,153865,0.674,0,10,0.169,-5.128,0,0.0366,123.055,4,0.711,0.486,0.628,0.867,0.963,0.23723,147.8937,Happy
37i9dQZF1DXdPec7aLTmlC,Spotify,Happy Hits!,3BZEcbdtXQSo7OrvKRJ6mb,MONTERO (Call Me By Your Name),0.297,0.61,137876,0.508,0,8,0.384,-6.682,0,0.152,178.818,4,0.758,0.586,0.567,0.113,1,0.23215,133.64825,Happy
37i9dQZF1DX4mWCZw6qYIw,Spotify,songs to scream in the car,5elofKuRmgZmCVImWT6JtE,see you later (ten years),0.247,0.584,188160,0.454,0,1,0.151,-6.372,1,0.0301,86.102,4,0.253,0.602,0.58,0.111,0.776,0.16295,184.96436,Angry
37i9dQZF1DXdPec7aLTmlC,Spotify,Happy Hits!,4ztw0mBC6VBiLV79yRHDQW,Be Okay (with HRVY),0.0179,0.73,141600,0.558,0,8,0.128,-6.535,1,0.0786,100.066,4,0.618,0.552,0.604,0.571,1,0,138.3503,Happy
37i9dQZF1DXdPec7aLTmlC,Spotify,Happy Hits!,6Yx181fZzA0YE2EkUsYruq,Big Plans,0.0668,0.693,179930,0.604,0,11,0.114,-5.279,1,0.0427,75.014,4,0.651,0.396,0.636,0.345,1,0.21683,179.92993,Happy
37i9dQZF1DXdPec7aLTmlC,Spotify,Happy Hits!,0OJN2A3Qyvd7pwSF0AIteC,Keep You Mine,0.267,0.81,174761,0.788,0.000172,10,0.196,-3.663,1,0.0447,135.991,4,0.845,0.466,0.462,0.942,1,0.18571,170.18484,Happy
37i9dQZF1DXdPec7aLTmlC,Spotify,Happy Hits!,6nACZEZIt1CIBmF09r5Pb5,Remember This,0.217,0.669,178222,0.629,0,1,0.366,-5.018,0,0.0803,110.865,4,0.294,0.178,0.461,0.765,1,0.18653,171.88571,Happy
37i9dQZF1DWXLSRKeL7KwM,Spotify,Energy Booster: Country,2NNioXX1t4whQsBF8FfExl,Woman You Got,0.105,0.523,177951,0.896,0,10,0.143,-3.556,1,0.0575,169.94,4,0.729,0.644,0.537,0.267,0.885,0,174.43991,Energetic
37i9dQZF1DWXLSRKeL7KwM,Spotify,Energy Booster: Country,6NhpIdjYoufuNNlBsgOztc,Suds in the Bucket,0.052,0.511,227267,0.903,0.000529,10,0.304,-3.163,1,0.0397,161.992,4,0.898,0.755,0.634,0.955,0.91,0,217.2459,Energetic
37i9dQZF1DXdPec7aLTmlC,Spotify,Happy Hits!,5u1n1kITHCxxp8twBcZxWy,Holy (feat. Chance The Rapper),0.196,0.673,212093,0.704,0,6,0.0898,-8.056,1,0.36,86.919,4,0.372,0.619,0.667,0.119,0.969,0.22644,208.38168,Happy
37i9dQZF1DXdPec7aLTmlC,Spotify,Happy Hits!,2jZIfoe48eUeOEnP9Ho4h2,No One Compares To You,0.123,0.703,184080,0.748,0,1,0.0642,-6.047,1,0.0435,111.943,4,0.625,0.516,0.682,0.667,1,4.50467,176.73288,Happy
37i9dQZF1DX6VdMW310YC7,Spotify,Chill Tracks,3vLKj3lijuDaomIoWPq09S,Where You Are,0.375,0.762,205000,0.481,0.881,9,0.0968,-9.038,1,0.0548,128.04,4,0.238,0.488,0.55,0.672,1,0.238,198.53642,Chill
37i9dQZF1DXdPec7aLTmlC,Spotify,Happy Hits!,73QyyUMMvtNELmULI4FOsp,You for Me,0.0481,0.733,175435,0.886,0.00000181,2,0.191,-1.856,0,0.0426,126.031,4,0.696,0.145,0.306,0.853,1,0.06825,168.79745,Happy
37i9dQZF1DXdPec7aLTmlC,Spotify,Happy Hits!,76nqCfJOcFFWBJN32PAksn,Kings & Queens,0.00775,0.638,162399,0.688,0,1,0.126,-4.056,0,0.0407,129.856,4,0.434,0.403,0.504,0.751,0.962,0.24943,156.398,Happy
37i9dQZF1DX4mWCZw6qYIw,Spotify,songs to scream in the car,45bE4HXI0AwGZXfZtMp8JR,you broke me first,0.785,0.667,169266,0.373,0,4,0.0906,-9.389,1,0.05,124.148,4,0.0823,0.462,0.616,0.27,1,0.16263,160.77496,Angry
37i9dQZF1DWXLSRKeL7KwM,Spotify,Energy Booster: Country,35v4CE7o8XHvXPDjGPsp15,To Us It Did,0.0105,0.687,165648,0.86,0,0,0.0226,-4.579,1,0.0371,113.988,4,0.492,0.708,0.627,0.682,0.701,0.54571,158.16272,Energetic
37i9dQZF1DXdPec7aLTmlC,Spotify,Happy Hits!,3eJH2nAjvNXdmPfBkALiPZ,Acapulco,0.051,0.774,139672,0.792,0,10,0.155,-4.021,1,0.0523,122.062,4,0.507,0.253,0.266,0.817,1,0.53927,134.46095,Happy
37i9dQZF1DX4mWCZw6qYIw,Spotify,songs to scream in the car,135Lf4Q0CzlMNfOxbEUsLH,GHOST TOWN,0.389,0.391,193733,0.335,0,0,0.102,-10.064,1,0.0763,174.185,3,0.116,0.38,0.621,0.082,1,0.20889,188.42413,Angry
37i9dQZF1DXdPec7aLTmlC,Spotify,Happy Hits!,4TgxFMOn5yoESW6zCidCXL,Savage Love (Laxed – Siren Beat) [BTS Remix],0.16,0.758,184905,0.598,0,0,0.295,-5.695,0,0.0868,149.836,4,0.658,0.159,0.447,0.164,1,2.00272,180.28552,Happy
37i9dQZF1DX6VdMW310YC7,Spotify,Chill Tracks,4BmPTpXnae3IwwXAcK0byT,Matter of Time (feat. Alex Maher),0.106,0.699,240010,0.519,0.16,7,0.115,-8.623,1,0.0566,115.066,4,0.0522,0.975,0.849,0.638,1,0.5166,229.16934,Chill
37i9dQZF1DX6VdMW310YC7,Spotify,Chill Tracks,4jqYXH8BDZlCkM4CN8hH5q,Colour,0.123,0.506,297515,0.715,0.861,0,0.0987,-10.633,1,0.0336,124.009,4,0.103,0.731,0.692,0.603,1,0,285.6461,Chill
37i9dQZF1DWXLSRKeL7KwM,Spotify,Energy Booster: Country,33UI8dgfkDOf32DWBH1GL0,Lady Like,0.213,0.546,194787,0.618,0,9,0.0934,-5.186,1,0.0336,95.011,4,0.154,0.138,0.357,0.316,0.915,0.27896,184.76118,Energetic
37i9dQZF1DXdPec7aLTmlC,Spotify,Happy Hits!,4UuGBDjt8gLXsANZqZxMBz,Love You Better,0.0931,0.733,170893,0.786,0.0013,11,0.1,-7.494,1,0.0422,102.999,4,0.786,0.144,0.359,0.971,1,0.19683,165.05905,Happy
37i9dQZF1DXdPec7aLTmlC,Spotify,Happy Hits!,1UotQ5kMAEiCJVisAVkxOh,In Betweenin',0.18,0.705,192046,0.824,0,2,0.0901,-4.825,1,0.0347,146.999,4,0.925,0.448,0.583,0.383,0.67,0.13923,187.8204,Happy
37i9dQZF1DX6VdMW310YC7,Spotify,Chill Tracks,3Up1MsHqcxUVgB2iuqFRq2,Shut The World Out,0.0308,0.496,268966,0.679,0.00327,8,0.316,-6.893,1,0.0345,105.059,4,0.224,0.026,0.326,0.746,0.728,0.45311,265.84525,Chill
37i9dQZF1DWXLSRKeL7KwM,Spotify,Energy Booster: Country,4QpWhd7l2NrmGmfw4qGlpa,Next Girl,0.143,0.583,164678,0.867,0,11,0.0863,-4.17,1,0.0637,160.096,4,0.962,0.694,0.56,0.239,0.814,0.22023,159.3121,Energetic
37i9dQZF1DXdPec7aLTmlC,Spotify,Happy Hits!,4laAKIq9ZxBCwf99rauPYb,Remember,0.041,0.612,160766,0.862,0,8,0.0907,-2.903,1,0.037,123.849,4,0.354,0.234,0.447,0.752,1,2.31619,155.02222,Happy
37i9dQZF1DXdPec7aLTmlC,Spotify,Happy Hits!,4iJyoBOLtHqaGxP12qzhQI,Peaches (feat. Daniel Caesar & Giveon),0.321,0.677,198082,0.696,0,0,0.42,-6.181,1,0.119,90.03,4,0.464,0.553,0.561,0.33,1,0.19147,191.27438,Happy
37i9dQZF1DXdPec7aLTmlC,Spotify,Happy Hits!,4evmHXcjt3bTUHD1cvny97,Beautiful People (feat. Khalid),0.124,0.64,197867,0.648,0,5,0.0802,-8.113,0,0.187,92.977,4,0.548,0.434,0.378,0.342,1,0.19751,190.76353,Happy
37i9dQZF1DX4mWCZw6qYIw,Spotify,songs to scream in the car,5zqObw7wjBgL9TDiAymxPn,Our Song,0.141,0.595,163733,0.759,0,11,0.172,-4.245,0,0.0423,80.953,4,0.515,0.246,0.368,0.624,0.976,0.20336,155.38794,Angry
37i9dQZF1DWXLSRKeL7KwM,Spotify,Energy Booster: Country,3ZozFqJJlDBNIm4xqxn2ZD,Fancy Like,0.114,0.649,161853,0.76,0,1,0.317,-6.487,1,0.0574,80.018,4,0.843,0.65,0.555,0.36,0.99,0.16331,158.23819,Energetic
37i9dQZF1DXdPec7aLTmlC,Spotify,Happy Hits!,3G2omDJ5ZGYSiJV3UOOPw0,Holiday,0.152,0.356,193733,0.684,0,8,0.101,-7.347,1,0.0878,87.188,4,0.347,0.365,0.582,0.475,1,0.09864,193.73334,Happy
37i9dQZF1DXdPec7aLTmlC,Spotify,Happy Hits!,0mjAU3yKR1QnXnHtjGJqTM,Rescue Me,0.156,0.759,158900,0.605,0,7,0.694,-7.737,1,0.0433,121.049,4,0.64,0.265,0.441,0.601,1,0.25542,158.89978,Happy
37i9dQZF1DXdPec7aLTmlC,Spotify,Happy Hits!,53kWAAfx7IopXRa31MQHB8,Good Vibes,0.274,0.558,170280,0.877,0,10,0.162,-3.392,1,0.145,99.988,4,0.762,0.412,0.429,0.313,1,0,165.38992,Happy
37i9dQZF1DX6VdMW310YC7,Spotify,Chill Tracks,6cwiXbTqbuGjwPnG56LFG2,Love Is Awake,0.00937,0.736,200000,0.728,0.0189,2,0.0966,-7.918,1,0.0264,119.979,4,0.265,0.67,0.763,0.826,0.984,0,191.13506,Chill
37i9dQZF1DWXLSRKeL7KwM,Spotify,Energy Booster: Country,5NUXE8W12lWcUXgJRCjeEw,One Too Many,0.247,0.697,203893,0.535,0,4,0.569,-6.504,1,0.068,82.959,4,0.594,0.395,0.436,0.525,1,0.22617,195.29723,Energetic
37i9dQZF1DXdPec7aLTmlC,Spotify,Happy Hits!,5PYQUBXc7NYeI1obMKSJK0,Never Really Over,0.194,0.77,223523,0.882,0,8,0.316,-4.792,1,0.0602,99.991,4,0.385,0.555,0.567,0.888,0.992,0.13533,220.34576,Happy
37i9dQZF1DXdPec7aLTmlC,Spotify,Happy Hits!,0roOLcll6SSTYZwsQFmXqP,Let Me Move You - From the Netflix film "Work It",0.0112,0.624,147071,0.628,0.0191,4,0.0814,-6.582,0,0.0408,114.556,4,0.772,0.724,0.588,0.807,1,0.19746,141.514,Happy
37i9dQZF1DXdPec7aLTmlC,Spotify,Happy Hits!,59qrUpoplZxbIZxk6X0Bm3,Take You Dancing,0.0332,0.789,190306,0.711,0,2,0.0876,-4.248,1,0.041,112.985,4,0.753,0.744,0.575,0.843,1,0.22063,186.23566,Happy
37i9dQZF1DXdPec7aLTmlC,Spotify,Happy Hits!,4PkIDTPGedm0enzdvilLNd,Sixteen,0.268,0.669,201072,0.801,0,8,0.0594,-5.445,1,0.136,109.919,4,0.541,0.489,0.55,0.326,1,0.23243,192.07545,Happy
37i9dQZF1DX4mWCZw6qYIw,Spotify,songs to scream in the car,161DnLWsx1i3u1JT05lzqU,Talking to the Moon,0.512,0.523,217867,0.606,0,1,0.106,-4.754,0,0.0301,145.837,4,0.065,0.385,0.544,0.097,1,0.35197,210.68626,Angry
37i9dQZF1DX6VdMW310YC7,Spotify,Chill Tracks,40tPP3K10yMZxwnT65REKj,Inner Light,0.00461,0.651,257985,0.709,0.00744,4,0.0771,-7.842,1,0.037,121.02,4,0.126,0.531,0.481,0.906,0.996,0,253.26006,Chill
37i9dQZF1DWXLSRKeL7KwM,Spotify,Energy Booster: Country,5TWAIHYaOnYg4txfmCgon5,Nobody,0.519,0.573,160707,0.747,0.00000113,0,0.0867,-6.46,1,0.0319,79.952,4,0.645,0.353,0.621,0.145,0.699,2.7922,150.51755,Energetic
37i9dQZF1DXdPec7aLTmlC,Spotify,Happy Hits!,1KixkQVDUHggZMU9dUobgm,My Head & My Heart,0.0697,0.614,174760,0.934,0,9,0.121,-3.709,0,0.07,116.001,4,0.436,0.218,0.149,0.912,0.994,0.24649,169.24445,Happy
37i9dQZF1DX6VdMW310YC7,Spotify,Chill Tracks,6PEbPKn0niL8xAQdUTBEfq,Until We Leave the Ground - Steve James Remix,0.0448,0.744,197419,0.577,0.0652,0,0.111,-9.599,0,0.0385,124.005,4,0.321,0.421,0.642,0.684,1,0,191.82005,Chill
37i9dQZF1DX4mWCZw6qYIw,Spotify,songs to scream in the car,7LAmsNJpBaNvNg7VZPXxSv,As the World Caves In,0.436,0.372,161613,0.255,0,7,0.33,-6.834,1,0.0344,114.402,1,0.254,0.399,0.488,0.087,0.642,0,156.90884,Angry
37i9dQZF1DXdPec7aLTmlC,Spotify,Happy Hits!,0IqCoZ168iRc9LqfrYgpZy,KESI - Remix,0.127,0.871,176575,0.815,0.00000618,4,0.094,-4.439,1,0.0477,122.959,4,0.823,0.592,0.567,0.652,1,0,171.48517,Happy
37i9dQZF1DWXLSRKeL7KwM,Spotify,Energy Booster: Country,0NmuYnjETG3u3qx0OmEJev,Lil Bit,0.0255,0.707,195962,0.689,0,4,0.383,-7.097,0,0.0387,119.987,4,0.41,0.169,0.257,0.684,1,0.19714,191.61687,Energetic
37i9dQZF1DXdPec7aLTmlC,Spotify,Happy Hits!,48oN0dm8zwleoUvuLBqIOp,Sunshine - From the Motion Picture “Ron’s Gone Wrong”,0.0504,0.717,164000,0.735,0,10,0.132,-5.764,0,0.0404,107,4,0.787,0.228,0.347,0.969,1,0.16726,161.1581,Happy
37i9dQZF1DXdPec7aLTmlC,Spotify,Happy Hits!,1c1sdxrYLIiuJOlE7PPttb,Love Me Now (feat. Zoe Wees),0.163,0.662,195881,0.489,0,5,0.172,-7.067,1,0.0525,102.04,4,0.506,0.599,0.542,0.421,0.994,0.22939,188.37769,Happy
37i9dQZF1DWXLSRKeL7KwM,Spotify,Energy Booster: Country,7zVCrzzEJU7u24sbJPXA5W,What Ifs (feat. Lauren Alaina),0.00898,0.612,188253,0.799,0,10,0.172,-4.603,1,0.0275,125.976,4,0.687,0.182,0.371,0.299,1,0.24531,183.71628,Energetic
37i9dQZF1DX6VdMW310YC7,Spotify,Chill Tracks,5UNnhT9Ni6tW72zFLADsjy,Sights,0.171,0.611,214773,0.744,0.768,8,0.154,-6.463,1,0.0663,110.019,4,0.0408,0.267,0.402,0.722,1,0,207.67928,Chill
37i9dQZF1DXdPec7aLTmlC,Spotify,Happy Hits!,6jg5SRvdGxvJ0DzNV0UqEK,Please Don't Go,0.00296,0.699,196813,0.882,0.0544,4,0.13,-3.896,0,0.0311,120.016,4,0.657,0,0.083,0.828,1,0,192.08707,Happy
37i9dQZF1DXdPec7aLTmlC,Spotify,Happy Hits!,6FuGJB290AQMAHTfjOYVaK,Mood (Remix) feat. Justin Bieber  J Balvin & iann dior,0.151,0.721,192745,0.745,0.00000124,7,0.372,-3.508,0,0.0366,90.988,4,0.699,0.585,0.713,0.462,1,0.21469,189.10332,Happy
37i9dQZF1DX4mWCZw6qYIw,Spotify,songs to scream in the car,1J14CdDAvBTE1AJYUOwl6C,Arcade,0.827,0.453,185147,0.35,0.00122,9,0.144,-11.639,0,0.0425,72.017,3,0.279,0.422,0.62,0.132,0.415,0.22739,178.10866,Angry
37i9dQZF1DXdPec7aLTmlC,Spotify,Happy Hits!,1e9oZCCiX42nJl0AcqriVo,Watermelon Sugar,0.122,0.548,174000,0.816,0,0,0.335,-4.209,1,0.0465,95.39,4,0.557,0.491,0.533,0.217,1,0,169.66821,Happy
37i9dQZF1DXdPec7aLTmlC,Spotify,Happy Hits!,0Npijoc6ZcUe1devUugKvI,Dive,0.00515,0.654,164490,0.787,0,4,0.144,-4.999,1,0.0502,123.978,4,0.409,0,0.134,0.848,1,0,157.03654,Happy
37i9dQZF1DWXLSRKeL7KwM,Spotify,Energy Booster: Country,14JFKtBSqefxfMiKhq6JT8,Almost Maybes,0.146,0.582,179153,0.868,0,11,0.103,-3.927,1,0.0522,90.105,4,0.555,0.673,0.744,0.085,0.368,0.15134,166.46385,Energetic
37i9dQZF1DXdPec7aLTmlC,Spotify,Happy Hits!,6Tio0ZoDeSQnI7EBAqWer2,Cover Me In Sunshine,0.0599,0.476,141050,0.594,0,5,0.0785,-6.879,1,0.135,159.702,4,0.314,0.447,0.53,0.149,0.196,0,135.83093,Happy
37i9dQZF1DX6VdMW310YC7,Spotify,Chill Tracks,4F6dlpCLyi8jWWFEjdxCQ0,Moments - Ben Böhmer & Nils Hoffmann Remix,0.453,0.702,250207,0.524,0.89,7,0.111,-12.422,0,0.0393,121.001,4,0.283,0.53,0.543,0.793,1,0,245.44653,Chill
37i9dQZF1DXdPec7aLTmlC,Spotify,Happy Hits!,27u7t9d7ZQoyjsCROHuZJ3,Tick Tock (feat. 24kGoldn),0.369,0.779,178374,0.705,0.00000791,0,0.124,-3.895,1,0.0344,101.022,4,0.946,0.325,0.483,0.7,1,0.15678,172.29787,Happy
37i9dQZF1DXdPec7aLTmlC,Spotify,Happy Hits!,0DmAvNCAK08oCi7miSZUIY,Lasting Lover,0.197,0.676,218359,0.786,0,1,0.0943,-4.529,1,0.0478,125.983,4,0.483,0.64,0.878,0.762,0.943,0.09882,213.26949,Happy
37i9dQZF1DWXLSRKeL7KwM,Spotify,Energy Booster: Country,2Fs18NaCDuluPG1DHGw1XG,Life is a Highway,0.00324,0.582,276320,0.952,0,5,0.223,-3.848,1,0.0731,103.027,4,0.655,0.608,0.455,0.319,1,0.1917,262.59448,Energetic
37i9dQZF1DXdPec7aLTmlC,Spotify,Happy Hits!,4Sib57MmYGJzSvkW84jTwh,ME! (feat. Brendon Urie of Panic! At The Disco),0.0291,0.614,193040,0.839,0,0,0.112,-4.143,1,0.0702,182.123,4,0.657,0.44,0.461,0.196,1,0.08703,185.18494,Happy
37i9dQZF1DXdPec7aLTmlC,Spotify,Happy Hits!,2IHLaN6wwYKQ3S24NsQqpA,I Love Me,0.00261,0.664,203672,0.561,0,6,0.0764,-7.031,1,0.0495,150.093,4,0.713,0.088,0.36,0.227,0.998,2.76898,196.97488,Happy
37i9dQZF1DX4mWCZw6qYIw,Spotify,songs to scream in the car,1Wdj4wRDYS7aT4CoPS0mAH,You Are Enough,0.707,0.593,180087,0.5,0.0000124,1,0.0837,-8.532,1,0.029,117.996,4,0.465,0.745,0.701,0.59,0.975,0.30789,174.34703,Angry
37i9dQZF1DX6VdMW310YC7,Spotify,Chill Tracks,1f1DsFJHpMugn3zuRACUos,Together,0.0328,0.671,224113,0.63,0.243,9,0.849,-8.564,0,0.0296,117.076,4,0.404,0.386,0.451,0.663,1,0.19673,218.9932,Chill
37i9dQZF1DXdPec7aLTmlC,Spotify,Happy Hits!,1z1XegUChLLQfcbtIK8ABn,Body Back (feat. Maia Wright),0.0948,0.686,214634,0.83,0.00000133,8,0.182,-4.437,1,0.0369,123.032,4,0.486,0.588,0.609,0.763,1,0.06989,203.37778,Happy
37i9dQZF1DWXLSRKeL7KwM,Spotify,Energy Booster: Country,03fT3OHB9KyMtGMt2zwqCT,Play It Again,0.0916,0.506,226867,0.886,0,11,0.0734,-3.225,1,0.0655,143.935,4,0.595,0.763,0.662,0.745,0.815,0.26712,216.56091,Energetic
37i9dQZF1DXdPec7aLTmlC,Spotify,Happy Hits!,15kQGEy89K8deJcZVFEn0N,This Feeling (feat. Kelsea Ballerini),0.0651,0.539,199227,0.651,0,1,0.0662,-5.304,1,0.0432,105.159,4,0.474,0.413,0.546,0.336,1,0.57474,189.91602,Happy
37i9dQZF1DXdPec7aLTmlC,Spotify,Happy Hits!,1GkHyypTFkUf0QQKwYoXH4,You (with Marshmello & Vance Joy),0.0493,0.668,169632,0.563,0,11,0.119,-6.433,1,0.0522,103.116,4,0.305,0.005,0.298,0.636,1,0.22054,165.37251,Happy
37i9dQZF1DXdPec7aLTmlC,Spotify,Happy Hits!,0uUNN1nSoUx1A4fkDCWDQ7,So Am I,0.0737,0.682,183027,0.656,0,6,0.353,-4.67,1,0.0435,130.089,4,0.607,0.674,0.59,0.757,1,0.24376,178.06223,Happy
37i9dQZF1DX4mWCZw6qYIw,Spotify,songs to scream in the car,2aTKrdenCq5qBOoJPFdn4P,Here's Your Perfect,0.499,0.558,158594,0.454,0,6,0.146,-5.335,1,0.0551,113.12,4,0.424,0.79,0.68,0.272,1,0.33678,150.94131,Angry
37i9dQZF1DWXLSRKeL7KwM,Spotify,Energy Booster: Country,20DfkHC5grnKNJCzZQB6KC,Good Girl,0.0286,0.617,205560,0.839,0,0,0.19,-2.849,0,0.0655,128.91,4,0.741,0.383,0.574,0.811,0.92,1.08549,201.35184,Energetic
37i9dQZF1DX6VdMW310YC7,Spotify,Chill Tracks,4lgEtC1W3xZSRFoJuPLmkk,Virgo,0.279,0.593,324000,0.871,0.894,8,0.131,-8.068,1,0.0386,121.994,4,0.0719,0.584,0.603,0.836,0.981,2.99537,313.8351,Chill
37i9dQZF1DXdPec7aLTmlC,Spotify,Happy Hits!,4y3OI86AEP6PQoDE6olYhO,Sucker,0.0427,0.842,181040,0.734,0,1,0.106,-5.065,0,0.0588,137.958,4,0.952,0.549,0.521,0.874,0.89,0.23002,177.72552,Happy
37i9dQZF1DXdPec7aLTmlC,Spotify,Happy Hits!,6tS1Fm9z3UKuLSxrinY3pC,Runaway (with Sigala and JP Cooper),0.213,0.617,168197,0.756,0,3,0.152,-5.811,1,0.104,121.828,4,0.432,0.586,0.673,0.722,0.981,3.73261,161.61089,Happy
37i9dQZF1DWXLSRKeL7KwM,Spotify,Energy Booster: Country,4iXDn9pu5Q9sxv45vE8Lak,Famous Friends,0.0553,0.533,165569,0.855,0,6,0.335,-2.901,1,0.0356,102.017,4,0.64,0.616,0.599,0.206,0.981,0.42372,159.9971,Energetic
37i9dQZF1DXdPec7aLTmlC,Spotify,Happy Hits!,3oiLlbBynuErymca4Dwp5H,Get To Know You,0.0783,0.761,201667,0.695,0,5,0.14,-4.048,1,0.0886,118.004,4,0.69,0.497,0.46,0.8,1,0.19098,197.12,Happy
37i9dQZF1DX6VdMW310YC7,Spotify,Chill Tracks,768eZ69L0HODV9UlcriGaq,All My Days,0.169,0.575,224637,0.767,0.0011,11,0.104,-6.888,1,0.0554,124,4,0.137,0.52,0.553,0.523,0.982,0.19719,216.17197,Chill
37i9dQZF1DXdPec7aLTmlC,Spotify,Happy Hits!,34evGV6SaoRLHTcXXUVOpb,90s Kids,0.0802,0.714,163816,0.657,0,0,0.35,-6.436,1,0.118,151.898,4,0.725,0.533,0.616,0.438,0.974,0.68562,163.81573,Happy
37i9dQZF1DX4mWCZw6qYIw,Spotify,songs to scream in the car,5vjLSffimiIP26QG5WcN2K,Hold On,0.469,0.618,198853,0.443,0,2,0.0829,-9.681,1,0.0526,119.949,4,0.167,0.472,0.671,0.208,0.881,0.43624,186.92644,Angry
37i9dQZF1DXdPec7aLTmlC,Spotify,Happy Hits!,5ri4zqtWhG07hIuNNDWP76,Fly Away,0.217,0.806,178157,0.513,0,4,0.217,-6.208,1,0.0685,124.988,4,0.503,0.106,0.325,0.786,1,0.22059,175.46739,Happy
37i9dQZF1DXdPec7aLTmlC,Spotify,Happy Hits!,73h4oe03sZy8bXfQLfnqMv,Who's Laughing Now,0.00565,0.648,180348,0.641,0.00000363,7,0.109,-5.521,1,0.0389,184.021,4,0.505,0.412,0.752,0.284,1,0.22644,174.0742,Happy
37i9dQZF1DXdPec7aLTmlC,Spotify,Happy Hits!,1wsLHgXJ4SKIfd5ePSX1hD,Polaroid,0.293,0.652,193377,0.897,0,7,0.0722,-4.481,0,0.036,114.033,4,0.475,0.426,0.514,0.87,1,0,184.56381,Happy
37i9dQZF1DWXLSRKeL7KwM,Spotify,Energy Booster: Country,2KqJC0koTBUyDlsMt5ok1V,Look What God Gave Her,0.0272,0.739,168960,0.85,0,2,0.181,-3.966,1,0.0308,113,4,0.883,0.388,0.571,0.846,1,0,163.91547,Energetic
37i9dQZF1DXdPec7aLTmlC,Spotify,Happy Hits!,0DC7Zs2qvAbNK1owWQ4mlL,Perfect to Me,0.0889,0.604,197853,0.546,0,8,0.0734,-5.691,1,0.151,179.847,4,0.402,0.473,0.545,0.422,1,3.57587,193.01587,Happy
37i9dQZF1DXdPec7aLTmlC,Spotify,Happy Hits!,50kmOL6NMU98y6eJTlSicJ,The Good Part,0.0922,0.291,227267,0.443,0.0000282,5,0.382,-5.376,1,0.0369,185.934,4,0.532,0.33,0.479,0.161,0.699,0.24376,220.65343,Happy
37i9dQZF1DXdPec7aLTmlC,Spotify,Happy Hits!,2gZwBmkSmsVfEPFWGuWTDk,Best Is Yet To Come (with Kyle Reynolds),0.0148,0.569,215201,0.85,0,4,0.245,-3.914,1,0.0369,122.042,4,0.551,0.445,0.478,0.675,1,0.14535,197.60762,Happy
37i9dQZF1DX6VdMW310YC7,Spotify,Chill Tracks,6kckNpuM5oXZrObLExRg6d,Road,0.512,0.689,238033,0.514,0.449,11,0.0952,-12.803,1,0.0383,121.985,4,0.0963,0.218,0.532,0.701,1,0,231.35202,Chill
37i9dQZF1DWXLSRKeL7KwM,Spotify,Energy Booster: Country,76djDZcj6Og5HcVAaRjQHu,Like A Lady,0.0614,0.637,181199,0.933,0.0000029,8,0.105,-3.519,1,0.0343,95.511,4,0.797,0.841,0.739,0.101,1,0.17424,174.3122,Energetic
37i9dQZF1DXdPec7aLTmlC,Spotify,Happy Hits!,4LmN3eU1R1vVEdKuDELpGk,All I Know So Far,0.0586,0.578,277413,0.639,0,4,0.0944,-5.749,1,0.0374,108.045,4,0.296,0.415,0.464,0.716,0.843,0.11048,270.9072,Happy
37i9dQZF1DX4mWCZw6qYIw,Spotify,songs to scream in the car,5CZ40GBx1sQ9agT82CLQCT,traitor,0.691,0.38,229227,0.339,0,3,0.12,-7.885,1,0.0338,100.607,4,0.0849,0.219,0.484,0.091,0.935,0,218.02376,Angry
37i9dQZF1DXdPec7aLTmlC,Spotify,Happy Hits!,6VYIVgVqEIwzRwpJz5rMa4,Pick Me Up,0.0971,0.688,174100,0.662,0.00000134,6,0.172,-5.57,1,0.0441,115.106,4,0.549,0.553,0.58,0.788,0.819,0.19102,170.55637,Happy
37i9dQZF1DWXLSRKeL7KwM,Spotify,Energy Booster: Country,6o0sttjutkWGYefP7OsaYX,I Get That With You,0.0251,0.617,189387,0.802,0,9,0.206,-6.728,1,0.0347,106.011,4,0.425,0.549,0.481,0.862,0.945,2.29878,182.5727,Energetic
37i9dQZF1DXdPec7aLTmlC,Spotify,Happy Hits!,1fah1uAs7HeTYDlNftKr3K,Put Your Records On,0.058,0.399,210463,0.492,0.00101,6,0.11,-10.777,0,0.0538,91.066,4,0.159,0.06,0.319,0.214,0.855,2.28136,201.7582,Happy
37i9dQZF1DXdPec7aLTmlC,Spotify,Happy Hits!,0o9bHFc8Lt5tZFvTjNZTNf,Forever Young,0.179,0.651,167912,0.617,0,8,0.113,-6.077,1,0.0309,121.977,4,0.591,0.494,0.642,0.595,1,2.92571,160.80399,Happy
37i9dQZF1DX6VdMW310YC7,Spotify,Chill Tracks,1C4c6ojhV5NJDIS8KpDNNo,Sweet Nothings (feat. Minke),0.26,0.699,228846,0.609,0.338,1,0.11,-11.505,0,0.0663,120.025,4,0.121,0.324,0.553,0.651,0.953,0.06381,225.33224,Chill
37i9dQZF1DXdPec7aLTmlC,Spotify,Happy Hits!,5Ne1q9Hv3l2NHBA3Agt8WT,Wave of You,0.057,0.695,213842,0.656,0,1,0.267,-6.038,1,0.0489,90.986,4,0.346,0.583,0.583,0.114,0.981,0.16449,210.41342,Happy
37i9dQZF1DWXLSRKeL7KwM,Spotify,Energy Booster: Country,0AuyO2tufq60YvAFdVYhOn,Who Cares,0.25,0.583,178462,0.828,0,7,0.512,-4.768,1,0.0539,95.035,4,0.765,0.494,0.689,0.742,1,2.22912,173.6156,Energetic
37i9dQZF1DXdPec7aLTmlC,Spotify,Happy Hits!,4ja2gzrNh9VNigzoXfmbwD,Mariposa,0.617,0.676,210000,0.525,0,9,0.356,-5.88,1,0.028,112.011,4,0.421,0.27,0.444,0.775,0.956,0,204.75356,Happy
37i9dQZF1DX4mWCZw6qYIw,Spotify,songs to scream in the car,32BeYxKPrig1LefHsC0Xuo,Happier Than Ever - Edit,0.0468,0.334,151444,0.599,0.000392,0,0.205,-5.742,1,0.0365,161.74,3,0.127,0.4,0.502,0.016,0.969,0.22653,146.40762,Angry
37i9dQZF1DXdPec7aLTmlC,Spotify,Happy Hits!,2SUxn2O9NHL6GHGQFgwCY0,2step,0.169,0.763,153627,0.661,0,4,0.117,-5.592,0,0.056,95.002,4,0.632,0.532,0.503,0.403,0.992,0.13927,151.2722,Happy
37i9dQZF1DXdPec7aLTmlC,Spotify,Happy Hits!,5id3Rqn7SPj1LX4FfY4nGz,Together,0.0132,0.521,205208,0.877,0.0806,7,0.0929,-5.444,1,0.0683,180.007,4,0.199,0.382,0.563,0.203,1,0.23823,202.34448,Happy
37i9dQZF1DX6VdMW310YC7,Spotify,Chill Tracks,2R2haDSmphwkn4kANdHU5P,I’ll Find My Way To You,0.0213,0.795,264046,0.474,0.758,6,0.0967,-8.166,1,0.0642,120.017,4,0.477,0.322,0.341,0.907,1,0,254.80998,Chill
37i9dQZF1DWXLSRKeL7KwM,Spotify,Energy Booster: Country,6FWrlXo99QRmPtOeUSWDjv,Dibs,0.231,0.638,183947,0.733,0,4,0.103,-4.7,1,0.052,87.999,4,0.651,0,0.172,0.199,1,0.21483,173.06993,Energetic
37i9dQZF1DXdPec7aLTmlC,Spotify,Happy Hits!,748mdHapucXQri7IAO8yFK,Kiss Me More (feat. SZA),0.235,0.762,208867,0.701,0.000158,8,0.123,-3.541,1,0.0286,110.968,4,0.742,0.749,0.696,0.877,0.965,0.49211,206.45442,Happy
37i9dQZF1DXdPec7aLTmlC,Spotify,Happy Hits!,5YqdiryRmdAzYFlxo43hAJ,Missing Piece,0.0155,0.628,217408,0.877,0.00000597,0,0.113,-4.205,1,0.046,101.992,4,0.721,0.728,0.672,0.858,0.997,0.19569,206.26866,Happy
37i9dQZF1DXdPec7aLTmlC,Spotify,Happy Hits!,24ySl2hOPGCDcxBxFIqWBu,Rain On Me (with Ariana Grande),0.021,0.672,182200,0.855,0,9,0.323,-3.764,1,0.0397,123.056,4,0.646,0.325,0.44,0.834,1,2.33361,182.2,Happy
37i9dQZF1DWXLSRKeL7KwM,Spotify,Energy Booster: Country,4nxgA1nvXvTkmsBY0vJV57,Road Less Traveled,0.0551,0.611,216267,0.886,0.0000011,0,0.247,-4.673,1,0.0343,112.988,4,0.27,0.427,0.5,0.881,1,0.19206,206.61116,Energetic
37i9dQZF1DX4mWCZw6qYIw,Spotify,songs to scream in the car,5WtfUKzXircvW8l5aaVZWT,What A Time (feat. Niall Horan),0.662,0.516,173307,0.467,0,0,0.0853,-6.184,1,0.0302,132.861,4,0.386,0.664,0.679,0.373,0.997,0.16844,165.60472,Angry
37i9dQZF1DX6VdMW310YC7,Spotify,Chill Tracks,2W9zh4QNFmuOyKHbtYYNm0,Another Time,0.401,0.67,255789,0.434,0.862,7,0.109,-12.923,0,0.046,113.997,4,0.136,0.401,0.311,0.78,1,0.52236,249.46939,Chill
37i9dQZF1DXdPec7aLTmlC,Spotify,Happy Hits!,18RdChpgvaAO7GXDjLks2B,Friends,0.198,0.747,178299,0.537,0.0000126,10,0.18,-5.76,1,0.0413,97.056,4,0.453,0.495,0.493,0.377,1,0.16245,171.99602,Happy
37i9dQZF1DXdPec7aLTmlC,Spotify,Happy Hits!,4wNIkl5XGiAACjFBlDWuSd,What A Man Gotta Do,0.00839,0.852,180645,0.698,0.00000103,9,0.0773,-7.206,1,0.0629,113.039,4,0.324,0.446,0.223,0.921,0.969,0.20971,172.1005,Happy
37i9dQZF1DXdPec7aLTmlC,Spotify,Happy Hits!,5T490vvoFNU6psep0NPmxs,Savage Love (Laxed - Siren Beat),0.243,0.795,171375,0.48,0,3,0.271,-8.556,1,0.0688,149.919,4,0.723,0.059,0.435,0.214,1,2.67029,167.35202,Happy
37i9dQZF1DWXLSRKeL7KwM,Spotify,Energy Booster: Country,2bVeUlOC5JjTpkQXuUUoYm,GIVE HEAVEN SOME HELL,0.0525,0.639,217802,0.843,0,11,0.0854,-4.975,1,0.0362,126.047,4,0.528,0.493,0.536,0.952,0.919,0.16916,196.43501,Energetic
37i9dQZF1DXdPec7aLTmlC,Spotify,Happy Hits!,3wYOGJYD31sLRmBgCvWxa4,I Found You,0.0714,0.646,167308,0.761,0,1,0.222,-2.557,1,0.0385,129.916,4,0.472,0.465,0.596,0.885,0.994,0,160.4673,Happy
37i9dQZF1DXdPec7aLTmlC,Spotify,Happy Hits!,6FvSS3Goz7OC8oCC2eWqe8,Jalebi Baby (Tesher x Jason Derulo),0.0289,0.691,169154,0.829,0,0,0.254,-7.179,1,0.0412,93.059,4,0.866,0.372,0.374,0.125,1,0.24204,165.5815,Happy
37i9dQZF1DX6VdMW310YC7,Spotify,Chill Tracks,3WM935x8fQpvSskUP1LHPB,I Still Need You,0.0686,0.768,178385,0.647,0.000712,7,0.114,-6.978,1,0.0482,121.014,4,0.0645,0.672,0.636,0.751,1,0.33583,172.29205,Chill
37i9dQZF1DXdPec7aLTmlC,Spotify,Happy Hits!,7jqXDgGWkV4w2ctdb2g59o,At Least I Had Fun,0.198,0.794,170614,0.706,0,5,0.0536,-6.066,0,0.0382,116.032,4,0.908,0.297,0.447,0.912,1,0.06961,166.8702,Happy
37i9dQZF1DX4mWCZw6qYIw,Spotify,songs to scream in the car,1nYzjrdVQ8RpF93M0jPFW7,Remember That Night?,0.585,0.679,227186,0.61,0.0000951,7,0.156,-10.936,0,0.0305,123.978,4,0.554,0.233,0.576,0.777,0.926,0.19152,223.91002,Angry
37i9dQZF1DWXLSRKeL7KwM,Spotify,Energy Booster: Country,1AIlY4mVcOY34SNA4CTVbC,Back Then  Right Now,0.0142,0.582,182067,0.724,0,5,0.0484,-3.21,1,0.0319,76.986,4,0.495,0.277,0.328,0.253,0.991,0.24367,179.0839,Energetic
37i9dQZF1DXdPec7aLTmlC,Spotify,Happy Hits!,0TK2YIli7K1leLovkQiNik,Señorita,0.037,0.759,190960,0.54,0,9,0.0945,-6.039,0,0.0287,116.947,4,0.75,0.445,0.526,0.673,1,0.18331,188.34866,Happy
37i9dQZF1DXdPec7aLTmlC,Spotify,Happy Hits!,763ynRN90zLEp9hrNNINjl,Lease On Life,0.0593,0.704,168163,0.701,0,2,0.126,-5.44,1,0.0596,88.016,4,0.606,0.289,0.602,0.365,1,0.24376,163.85161,Happy
37i9dQZF1DXdPec7aLTmlC,Spotify,Happy Hits!,6f5ExP43esnvdKPddwKXJH,Better Days (NEIKED x Mae Muller x Polo G),0.0018,0.717,160657,0.671,0.00000254,0,0.0921,-5.077,0,0.0337,110.054,4,0.699,0.228,0.437,0.404,0.925,2.06077,156.9727,Happy
37i9dQZF1DX6VdMW310YC7,Spotify,Chill Tracks,61Hn9ssQkVEWq4ZmPwHyzd,Oh  Miles,0.176,0.641,333871,0.726,0.794,2,0.0972,-6.921,1,0.0381,124.012,4,0.0416,0.452,0.53,0.274,0.997,3.34367,313.87573,Chill
37i9dQZF1DWXLSRKeL7KwM,Spotify,Energy Booster: Country,4P92FrvmYQSAfOpp4cpFEi,Simple,0.0848,0.375,185200,0.889,0,3,0.136,-3.704,1,0.0991,199.669,4,0.881,0.326,0.39,0.284,1,0.14499,181.09242,Energetic
37i9dQZF1DXdPec7aLTmlC,Spotify,Happy Hits!,43rA71bccXFGD4C8GOpIlN,I Forgot That You Existed,0.298,0.664,170640,0.316,0.00000203,5,0.0812,-10.345,1,0.519,92.875,4,0.541,0.686,0.549,0.398,0.965,0.32254,164.84425,Happy
37i9dQZF1DX4mWCZw6qYIw,Spotify,songs to scream in the car,5ajjAnNRh8bxFvaVHzpPjh,Reckless,0.807,0.386,203385,0.426,0,3,0.14,-6.642,1,0.0363,180.104,3,0.261,0.724,0.757,0.076,0.998,0.22054,196.01704,Angry
37i9dQZF1DXdPec7aLTmlC,Spotify,Happy Hits!,4Gcv5SsxnQWpmOnUI19EJk,All You Need To Know (feat. Calle Lehmann),0.00968,0.513,238459,0.788,0,0,0.11,-4.629,1,0.0364,139.987,4,0.234,0.499,0.621,0.696,0.928,3.70939,230.09235,Happy
37i9dQZF1DXdPec7aLTmlC,Spotify,Happy Hits!,6Q3K9gVUZRMZqZKrXovbM2,I'll Wait,0.144,0.611,215361,0.651,0.000017,1,0.105,-6.973,1,0.0589,122.983,4,0.351,0.293,0.531,0.715,0.923,0.2317,210.37859,Happy
37i9dQZF1DX6VdMW310YC7,Spotify,Chill Tracks,3jlFMDKI3hjKvqzXry1Yq1,Oasis,0.0065,0.367,202247,0.63,0.81,10,0.112,-7.846,1,0.0592,177.971,4,0.0636,0.245,0.299,0.098,0.983,0,183.33896,Chill
37i9dQZF1DWXLSRKeL7KwM,Spotify,Energy Booster: Country,30MM5jWpUmOxtTNd9Ey5LZ,Unforgettable,0.0303,0.661,157080,0.75,0.000132,7,0.0849,-5.497,1,0.0314,130.077,4,0.828,0.676,0.74,0.614,1,0.22635,154.12825,Energetic
37i9dQZF1DXdPec7aLTmlC,Spotify,Happy Hits!,3HVWdVOQ0ZA45FuZGSfvns,I Don't Care (with Justin Bieber),0.0912,0.798,219947,0.675,0,6,0.0894,-5.041,1,0.0442,101.956,4,0.842,0.619,0.634,0.615,1,0.16281,215.89333,Happy
37i9dQZF1DXdPec7aLTmlC,Spotify,Happy Hits!,2hBkoDhuGk2AtSCprEFDFP,Manila,0.234,0.678,144621,0.735,0,7,0.423,-5.996,1,0.0617,150.091,4,0.71,0.201,0.426,0.068,1,0.26671,141.2644,Happy
37i9dQZF1DXdPec7aLTmlC,Spotify,Happy Hits!,4UxATpWvXewD5EZUW01EeQ,Thelma + Louise,0.0146,0.766,137477,0.83,0,9,0.035,-3.335,1,0.1,121.948,4,0.756,0,0,0.846,0.657,2.2117,135.13432,Happy
37i9dQZF1DWXLSRKeL7KwM,Spotify,Energy Booster: Country,6olKv2HP3XgBpvVxAswowe,Bartender,0.0198,0.631,198267,0.937,0.00000738,11,0.327,-3.858,0,0.034,101.011,4,0.654,0.465,0.518,0.709,1,0.12195,192.87656,Energetic
37i9dQZF1DX4mWCZw6qYIw,Spotify,songs to scream in the car,1SOClUWhOi8vHZYMz3GluK,Infinity,0.148,0.671,237720,0.673,0.0000529,11,0.304,-6.941,0,0.0444,121.963,4,0.494,0.554,0.589,0.622,1,0.13351,223.9971,Angry
37i9dQZF1DXdPec7aLTmlC,Spotify,Happy Hits!,4CbrNGvwVjneG8Nk9YQqMR,A-O-K,0.125,0.731,173640,0.626,0,11,0.183,-6.919,1,0.0805,82.488,4,0.862,0.42,0.435,0.608,1,0.17415,166.5161,Happy
37i9dQZF1DX6VdMW310YC7,Spotify,Chill Tracks,3053QmnOijQFGshvpAikky,One By One (feat. Elderbrook & Andhim),0.0142,0.625,180000,0.803,0.627,11,0.109,-8.556,0,0.0392,120.082,4,0.293,0.256,0.432,0.833,1,0,173.48209,Chill
37i9dQZF1DXdPec7aLTmlC,Spotify,Happy Hits!,5X73AYzzEE5Di0JwcQKt9N,Bigger Than,0.151,0.421,208013,0.669,0,4,0.635,-4.724,1,0.127,175.788,4,0.326,0.086,0.332,0.299,0.981,1.02667,200.11537,Happy
37i9dQZF1DXdPec7aLTmlC,Spotify,Happy Hits!,6PCUP3dWmTjcTtXY02oFdT,Castle on the Hill,0.0232,0.461,261154,0.834,0.0000114,2,0.14,-4.868,1,0.0989,135.007,4,0.471,0.538,0.645,0.886,0.979,0,251.56499,Happy
37i9dQZF1DWXLSRKeL7KwM,Spotify,Energy Booster: Country,1TwLKNsCnhi1HxbIi4bAW0,House Party,0.113,0.747,190240,0.861,0,8,0.026,-5.251,1,0.0514,103.966,4,0.859,0.507,0.539,0.725,1,0.20871,184.26195,Energetic
37i9dQZF1DX4mWCZw6qYIw,Spotify,songs to scream in the car,61KpQadow081I2AsbeLcsb,deja vu,0.593,0.439,215508,0.61,0.0000107,9,0.341,-7.236,1,0.116,181.088,4,0.172,0.132,0.292,0.166,0.761,0.22059,209.53107,Angry
37i9dQZF1DX6VdMW310YC7,Spotify,Chill Tracks,47G7kRIpFDQtgLxc3r0g5k,You Know That Feel Off Of Me,0.131,0.788,218155,0.539,0,11,0.19,-9.538,0,0.0376,115.042,4,0.431,0.543,0.583,0.511,1,0,213.3101,Chill
37i9dQZF1DWXLSRKeL7KwM,Spotify,Energy Booster: Country,01CnYyPXMFRzOFVQBU8WMb,This One's for the Girls,0.0626,0.613,243160,0.801,0.0000115,8,0.124,-4.431,1,0.0354,126.966,4,0.609,0.798,0.75,1,0.943,0.24381,233.95265,Energetic
37i9dQZF1DX6VdMW310YC7,Spotify,Chill Tracks,7ySh518m4iC0CbOevgSwiq,Never Enough,0.235,0.724,272250,0.376,0.843,7,0.111,-13.95,0,0.0331,113.993,4,0.115,0.522,0.439,0.911,1,0.38336,253.93343,Chill
37i9dQZF1DWXLSRKeL7KwM,Spotify,Energy Booster: Country,5NfJGBAL9mgFPRQxKJmiX2,Miss Me More,0.014,0.643,192840,0.72,0,2,0.0834,-7.146,1,0.0527,96.028,4,0.491,0.538,0.449,0.658,1,0.20322,184.4535,Energetic
37i9dQZF1DX4mWCZw6qYIw,Spotify,songs to scream in the car,55Am8neGJkdj2ADaM3aw5H,Train Wreck,0.701,0.311,208827,0.485,0,6,0.0726,-5.726,0,0.0365,77.355,4,0.225,0.625,0.604,0.126,1,0.10404,199.90639,Angry
37i9dQZF1DWXLSRKeL7KwM,Spotify,Energy Booster: Country,0t0ODvxpVPS2dcGGTgsnq9,Found It in You,0.128,0.392,194766,0.785,0,5,0.0814,-5.815,0,0.0646,79.45,4,0.585,0,0.277,0.065,1,0.30186,188.88272,Energetic
37i9dQZF1DX6VdMW310YC7,Spotify,Chill Tracks,1JdScfytE2eaLeVJ7a7KUQ,High Tide,0.0239,0.563,197151,0.611,0.469,7,0.117,-8.436,0,0.0292,118.941,4,0.105,0.784,0.63,0.743,1,0,190.24689,Chill
37i9dQZF1DWXLSRKeL7KwM,Spotify,Energy Booster: Country,0cV4xwUA4ue2deqq4CZFko,I Don't Want This Night To End,0.0275,0.616,219973,0.728,0,9,0.228,-4.02,0,0.0278,111.934,4,0.375,0.212,0.411,0.976,1,0.16231,209.26404,Energetic
37i9dQZF1DX4mWCZw6qYIw,Spotify,songs to scream in the car,0DuWDLjriRPjDRoPgaCslY,Love In The Dark,0.536,0.495,285935,0.323,0,9,0.109,-6.901,0,0.0275,109.731,4,0.14,0.586,0.656,0.137,0.831,0.19193,273.15375,Angry
37i9dQZF1DX6VdMW310YC7,Spotify,Chill Tracks,62bxIf35DGi5hAEJMcBAGJ,Wild Skies,0.685,0.611,204362,0.628,0.0955,8,0.0788,-10.614,1,0.0317,98.011,4,0.335,0.524,0.569,0.496,1,0.09864,195.11728,Chill
37i9dQZF1DWXLSRKeL7KwM,Spotify,Energy Booster: Country,1LtiNpTzzSX8qcvlPFLmeR,Nothing's Better,0.0724,0.8,193145,0.515,0,9,0.355,-5.431,1,0.0351,110.018,4,0.949,0.18,0.358,0.796,0.991,0.23197,190.27592,Energetic
37i9dQZF1DX4mWCZw6qYIw,Spotify,songs to scream in the car,1TQXIltqoZ5XXyfCbAeSQQ,Dancing With Your Ghost,0.768,0.629,197732,0.328,0.000025,11,0.103,-8.284,1,0.029,74.953,4,0.389,0.5,0.569,0.423,0.808,0.08077,187.52435,Angry
37i9dQZF1DX6VdMW310YC7,Spotify,Chill Tracks,5AUyPXjDQ0m2BdFDWrhpPz,Coastin',0.0689,0.68,195000,0.728,0.758,1,0.201,-7.125,0,0.0265,99.988,4,0.534,0.713,0.776,0.729,1,0,191.07701,Chill
37i9dQZF1DWXLSRKeL7KwM,Spotify,Energy Booster: Country,4BLiRJdtn8jwUVtvbHIv2T,Throw It Back (feat. Keith Urban),0.0586,0.79,188936,0.73,0,0,0.0878,-4.98,1,0.0926,93.985,4,0.513,0.906,0.69,0.221,1,0.6385,184.1981,Energetic
37i9dQZF1DWXLSRKeL7KwM,Spotify,Energy Booster: Country,2mXsZsJBThTaJXbNcg5QD4,Mama's Broken Heart,0.278,0.768,177773,0.809,0,4,0.139,-4.204,0,0.0616,111.989,4,0.748,0.46,0.416,0.941,0.5,0.44653,165.30286,Energetic
37i9dQZF1DX4mWCZw6qYIw,Spotify,songs to scream in the car,4IhKLu7Vk3j2TLmnFPl6To,Water Fountain,0.388,0.723,218893,0.504,0.000074,8,0.087,-5.572,1,0.0392,133.975,4,0.551,0.53,0.601,0.813,0.987,0,203.95247,Angry
37i9dQZF1DX6VdMW310YC7,Spotify,Chill Tracks,0DkDdziZQNIyJ0EWVLi5f6,Sweet Disposition - Vijay & Sofia Edit,0.75,0.729,208887,0.663,0.625,7,0.109,-10.817,1,0.0497,120.028,4,0.318,0.6,0.596,0.587,1,0,201.63048,Chill
37i9dQZF1DWXLSRKeL7KwM,Spotify,Energy Booster: Country,2bV4NwncWMnVvcWyU2yxwB,hole in the bottle (with Shania Twain),0.106,0.565,156276,0.837,0,4,0.37,-4.607,1,0.119,105.067,4,0.775,0.796,0.555,0.644,0.97,0.14449,142.44281,Energetic
37i9dQZF1DX6VdMW310YC7,Spotify,Chill Tracks,1bRoG7iTZOaZ25oAebXueO,I Think About,0.351,0.592,227000,0.636,0.444,3,0.22,-8.264,1,0.0495,112.982,4,0.156,0.529,0.682,0.773,0.683,0.24989,217.29814,Chill
37i9dQZF1DX4mWCZw6qYIw,Spotify,songs to scream in the car,2f0pn9DkEJwAzXApnFh5cr,Someone To You,0.00517,0.52,219801,0.903,0,2,0.254,-5.497,1,0.042,74.988,4,0.652,0.309,0.422,0.186,1,2.01433,207.66766,Angry
37i9dQZF1DWXLSRKeL7KwM,Spotify,Energy Booster: Country,3wimPgsJv0hEgP5A3sQ7Ag,I'm Gonna Getcha Good,0.0441,0.723,269400,0.789,0,1,0.0612,-4.813,1,0.0302,124.013,4,0.946,0.481,0.55,0.962,0.983,0,267.2907,Energetic
37i9dQZF1DWXLSRKeL7KwM,Spotify,Energy Booster: Country,0MjT9xQqJrQlNrkWKZgFbQ,I'm Alright,0.191,0.676,199040,0.733,0,0,0.192,-7.745,1,0.0294,98.234,3,0.591,0.823,0.767,0.349,0.389,0,184.52316,Energetic
37i9dQZF1DX6VdMW310YC7,Spotify,Chill Tracks,6zf6b2S8E2L3Z2iYiDFQfs,Brightest Lights (feat. POLIÇA),0.323,0.698,412800,0.641,0.826,5,0.114,-11.253,0,0.0397,125.012,4,0.262,0.219,0.131,0.976,1,0,406.49432,Chill
37i9dQZF1DX4mWCZw6qYIw,Spotify,songs to scream in the car,4ka1FkKAMde6dQAFFMXKac,i hope ur miserable until ur dead,0.0273,0.706,177583,0.544,0,2,0.087,-7.275,1,0.0306,115.935,4,0.477,0.536,0.628,0.794,0.994,0,175.09587,Angry
37i9dQZF1DWXLSRKeL7KwM,Spotify,Energy Booster: Country,5FmvaZGd6fulojSToozLRD,ONE BEER (feat. Lauren Alaina & Devin Dawson),0.564,0.516,173173,0.745,0,2,0.275,-8.352,1,0.0774,186.006,3,0.826,0.497,0.648,0.539,0.73,0.17977,153.4839,Energetic
37i9dQZF1DX6VdMW310YC7,Spotify,Chill Tracks,4oHR6G7xfAqn0fL63QREbF,Falling Fire,0.438,0.623,208577,0.657,0.109,4,0.0931,-8.285,1,0.0516,127.036,4,0.0776,0,0.232,0.598,1,0.16245,201.12544,Chill
37i9dQZF1DWXLSRKeL7KwM,Spotify,Energy Booster: Country,5HGibWoxnkYSkl6mHmAlOE,That's My Kind Of Night,0.0571,0.661,190187,0.751,0,7,0.105,-2.909,1,0.0481,109.995,4,0.875,0,0.226,0.596,0.997,1.05492,186.26466,Energetic
37i9dQZF1DX4mWCZw6qYIw,Spotify,songs to scream in the car,42ydLwx4i5V49RXHOozJZq,Scars To Your Beautiful,0.0285,0.319,230227,0.739,0,0,0.111,-5.74,1,0.272,194.169,4,0.449,0.183,0.337,0.044,1,0,215.78304,Angry
37i9dQZF1DX6VdMW310YC7,Spotify,Chill Tracks,5aPAaUZP8YvSaZRGfdoLbt,Why,0.18,0.66,203774,0.684,0.758,0,0.0958,-8.091,1,0.0347,106,4,0.103,0.574,0.646,0.901,1,0,189.35294,Chill
37i9dQZF1DWXLSRKeL7KwM,Spotify,Energy Booster: Country,2TR7A4ulH9R1PNwMyd8o8U,This Is How We Roll,0.016,0.555,220907,0.931,0,8,0.405,-2.969,1,0.0367,132.085,4,0.723,0.76,0.665,0.932,0.904,0.21497,217.17624,Energetic
37i9dQZF1DX4mWCZw6qYIw,Spotify,songs to scream in the car,4y4spB9m0Q6026KfkAvy9Q,Lonely (with benny blanco),0.864,0.631,149297,0.239,0,11,0.116,-7.071,0,0.0398,79.859,4,0.0927,0.812,0.815,0.107,0.667,0.22635,143.71991,Angry
37i9dQZF1DX6VdMW310YC7,Spotify,Chill Tracks,4erSEnRWE2diyHCfEjzW5Z,I Want You (feat. braev),0.0128,0.404,258296,0.674,0.155,8,0.0832,-9.056,1,0.0469,123.948,4,0.0364,0.397,0.584,0.438,0.988,0,252.37769,Chill
37i9dQZF1DWXLSRKeL7KwM,Spotify,Energy Booster: Country,5S5rw0WLVCAux5B5bWCehK,I Like The Sound Of That,0.257,0.611,209280,0.8,0,0,0.194,-5.61,1,0.0377,89.974,4,0.527,0.69,0.669,0.548,0.787,0.21465,203.72028,Energetic
37i9dQZF1DWXLSRKeL7KwM,Spotify,Energy Booster: Country,0SuzUhWAgStNIMZR4jEGgk,Here for the Party,0.0127,0.656,196760,0.717,0.0000122,0,0.904,-4.871,1,0.0279,123.988,4,0.809,0.112,0.4,0.974,0.993,0.49388,191.11765,Energetic
37i9dQZF1DX6VdMW310YC7,Spotify,Chill Tracks,1AmvRKGEjNMhHlk2Uwlamy,Wild,0.521,0.69,226996,0.576,0.309,6,0.0865,-10.304,0,0.0333,120.005,4,0.108,0.679,0.625,0.738,1,0.25007,219.8233,Chill
37i9dQZF1DX4mWCZw6qYIw,Spotify,songs to scream in the car,2hyS6YHRSqMp8JygUgUEly,Fever Dream,0.223,0.561,171000,0.519,0,2,0.156,-8.467,1,0.0395,119.882,4,0.2,0.331,0.58,0.624,0.939,2.47873,165.64536,Angry
37i9dQZF1DWXLSRKeL7KwM,Spotify,Energy Booster: Country,2UBvtKeetnXn6lMnsBUrZz,Burn 'Em All,0.115,0.632,185306,0.886,0,11,0.136,-3.986,0,0.054,114.951,4,0.637,0.588,0.53,0.784,0.871,0,167.43329,Energetic
37i9dQZF1DX6VdMW310YC7,Spotify,Chill Tracks,0BPH5XY2injvJu0oD0B4S8,Together - il:lo Remix,0.12,0.665,294737,0.586,0.532,9,0.092,-12.594,0,0.0402,114.004,4,0.0894,0.367,0.357,0.828,1,2.78059,286.3775,Chill
37i9dQZF1DWXLSRKeL7KwM,Spotify,Energy Booster: Country,76XWHO6yy7a097yBT7DXVm,Good Day,0.0356,0.514,205627,0.685,0.00000973,10,0.157,-7.27,1,0.0307,85.017,4,0.393,0.554,0.524,0.174,0.971,4.01125,193.5035,Energetic
37i9dQZF1DX4mWCZw6qYIw,Spotify,songs to scream in the car,1v6svH1Fyx9C1nIt1mA2DT,All I Want,0.0902,0.376,177323,0.43,0,0,0.0912,-6.585,0,0.0328,77.599,3,0.129,0.611,0.637,0.211,0.281,0.15093,161.0304,Angry
37i9dQZF1DWXLSRKeL7KwM,Spotify,Energy Booster: Country,3J5jotqUAjU479WhAiNkpU,Freedom Was A Highway,0.0891,0.563,212720,0.847,0,1,0.121,-4.493,1,0.0468,96.06,4,0.666,0.963,0.679,0.299,0.994,4.24925,200.33595,Energetic
37i9dQZF1DX6VdMW310YC7,Spotify,Chill Tracks,0SbDNXZYqfsMarINcb72X5,Beyond Beliefs,0.709,0.652,313587,0.602,0.942,1,0.186,-13.98,1,0.0338,124.012,4,0.0399,0.915,0.702,0.726,0.973,0.16249,308.9415,Chill
37i9dQZF1DX4mWCZw6qYIw,Spotify,songs to scream in the car,4nVBt6MZDDP6tRVdQTgxJg,Story of My Life,0.225,0.6,245493,0.663,0,3,0.119,-5.802,1,0.0477,121.07,4,0.286,0.282,0.547,0.779,0.992,0.31932,237.53433,Angry
37i9dQZF1DWXLSRKeL7KwM,Spotify,Energy Booster: Country,6s9m5J92By7jii22Q2XtY2,Somethin' Bad (with Carrie Underwood) - (Duet with Carrie Underwood),0.0527,0.68,169587,0.888,0.00000282,9,0.0575,-5.308,1,0.055,90.076,4,0.484,0.425,0.475,0.312,1,0.3483,165.99365,Energetic
37i9dQZF1DX6VdMW310YC7,Spotify,Chill Tracks,4uN3fqx0mRqf61RemIFhIq,cloudy,0.673,0.642,165711,0.328,0.000339,11,0.116,-10.89,1,0.342,179.648,4,0.157,0.406,0.476,0.192,1,0.47596,157.28036,Chill
37i9dQZF1DWXLSRKeL7KwM,Spotify,Energy Booster: Country,3dCZm5HrG0jIXAHfNkg2H0,Take It From Me,0.0267,0.592,174255,0.891,0,10,0.352,-3.144,1,0.0512,99.983,4,0.674,0.708,0.286,0.304,1,0.50476,163.48009,Energetic
37i9dQZF1DX4mWCZw6qYIw,Spotify,songs to scream in the car,6W4SftknKhWj0iFoHN7aYU,that way - with Jeremy Zucker,0.573,0.394,174300,0.398,0,0,0.313,-10.202,1,0.219,78.438,3,0.361,0.496,0.541,0.085,0.913,0.86517,170.42867,Angry
37i9dQZF1DX6VdMW310YC7,Spotify,Chill Tracks,0e8eAsgCKopyIhrSasmZwh,Fruit&Sun,0.706,0.761,177857,0.539,0.872,5,0.127,-10.041,0,0.0762,108.028,4,0.22,0.083,0.336,0.703,1,0.08671,164.03737,Chill
37i9dQZF1DWXLSRKeL7KwM,Spotify,Energy Booster: Country,0yD66650JxhqKbW76C2qCo,Country Girl (Shake It For Me),0.0293,0.645,225560,0.904,0,2,0.0834,-4.532,1,0.0462,105.97,4,0.671,0.523,0.556,0.909,0.92,0.28209,221.88408,Energetic
37i9dQZF1DWXLSRKeL7KwM,Spotify,Energy Booster: Country,0Nu9WA8kEbBWEsay2s8Q0U,Even If It Breaks Your Heart,0.000159,0.495,220520,0.527,0.0163,0,0.1,-4.742,1,0.0351,208.067,4,0.574,0.726,0.688,0.023,0.834,0.12726,205.05542,Energetic
37i9dQZF1DX6VdMW310YC7,Spotify,Chill Tracks,01rAwlFDrRT2FzimFTXrKB,Someone,0.345,0.604,236149,0.658,0.223,0,0.0924,-9.106,1,0.0407,120.928,4,0.281,0.671,0.652,0.434,1,0,220.89723,Chill
37i9dQZF1DX4mWCZw6qYIw,Spotify,songs to scream in the car,4xqrdfXkTW4T0RauPLv3WA,Heather,0.584,0.357,198040,0.425,0,5,0.322,-7.301,1,0.0333,102.078,3,0.27,0.463,0.551,0.055,0.545,0.20313,193.71246,Angry
37i9dQZF1DWXLSRKeL7KwM,Spotify,Energy Booster: Country,1GRiBe0kNCNYpjwCHIyynI,Girl In A Country Song,0.285,0.59,217840,0.908,0,8,0.36,-3.789,1,0.084,160.028,4,0.874,0.609,0.646,0.788,0.871,0,212.92699,Energetic
37i9dQZF1DX6VdMW310YC7,Spotify,Chill Tracks,0IS8n5zMLsZxbTPjghaqgW,Don't Let Them - Flyboy Remix,0.0265,0.485,228350,0.787,0.000116,5,0.107,-5.16,1,0.19,103.004,4,0.33,0.455,0.48,0.796,1,0.32485,222.73161,Chill
37i9dQZF1DX4mWCZw6qYIw,Spotify,songs to scream in the car,6c7N5N7amAOpeMykjlovjI,Walked Through Hell,0.664,0.508,216865,0.404,0,10,0.104,-11.092,1,0.0788,81.713,4,0.129,0.564,0.54,0.048,0.719,0.06408,206.73888,Angry
37i9dQZF1DWXLSRKeL7KwM,Spotify,Energy Booster: Country,0Ta3jOf8m9yCSWMVwd8Qlf,International Harvester,0.103,0.699,228653,0.837,0,2,0.231,-5.173,1,0.0428,95.493,4,0.348,0.834,0.477,0.418,0.91,0.09864,228.65334,Energetic
37i9dQZF1DX6VdMW310YC7,Spotify,Chill Tracks,73TlvcThZVK3XC1cpMTWko,Skipping Stones,0.259,0.624,256598,0.646,0.594,7,0.191,-9.636,1,0.0281,122.013,4,0.08,0.267,0.516,0.742,0.992,0,245.7774,Chill
37i9dQZF1DWXLSRKeL7KwM,Spotify,Energy Booster: Country,0b9djfiuDIMw1zKH6gV74g,Somebody Like You,0.108,0.624,323040,0.84,0.000546,4,0.144,-5.768,1,0.0337,111.02,4,0.656,0.612,0.543,0.969,0.982,3.20435,306.2422,Energetic
37i9dQZF1DX4mWCZw6qYIw,Spotify,songs to scream in the car,6PERP62TejQjgHu81OHxgM,good 4 u,0.3,0.556,178148,0.661,0,6,0.101,-5.052,0,0.204,168.56,4,0.668,0,0.244,0.174,0.994,0.2176,175.50803,Angry
37i9dQZF1DWXLSRKeL7KwM,Spotify,Energy Booster: Country,6GsAD8PgHxmEuIPTG8GP3M,It Goes Like This,0.117,0.543,186080,0.837,0,11,0.0872,-6.448,1,0.0608,168.056,4,0.506,0.393,0.494,0.029,0.519,5.28254,175.38612,Energetic
37i9dQZF1DX6VdMW310YC7,Spotify,Chill Tracks,3fY7n6r6Ky1OuFyf0qgE1O,Gratitude,0.0571,0.419,254667,0.724,0.568,8,0.144,-9.02,1,0.0323,90.004,4,0.077,0.682,0.677,0.165,0.764,2.23492,244.46548,Chill
37i9dQZF1DWXLSRKeL7KwM,Spotify,Energy Booster: Country,1mJMD1VIQ7jWTP9DK2zmY0,Kiss Somebody,0.143,0.492,212445,0.681,0,6,0.199,-7.038,1,0.075,178.01,4,0.511,0.428,0.566,0.334,0.966,2.31619,203.13397,Energetic
37i9dQZF1DX4mWCZw6qYIw,Spotify,songs to scream in the car,1daDRI9ahBonbWD8YcxOIB,Angels Like You,0.0981,0.672,196453,0.642,0,5,0.1,-4.035,1,0.0313,121.981,4,0.494,0.71,0.621,0.618,1,0.22104,190.46169,Angry
37i9dQZF1DX6VdMW310YC7,Spotify,Chill Tracks,0xgfpmTmQDHCO7fxMMG6Zw,Paradox,0.111,0.738,210000,0.617,0.783,9,0.109,-6.595,0,0.0313,123.987,4,0.343,0.295,0.457,0.626,0.369,3.18113,200.42883,Chill
37i9dQZF1DWXLSRKeL7KwM,Spotify,Energy Booster: Country,6eUXiwxjHI3RblcwckJ7Qq,Keep Up,0.0028,0.294,212972,0.695,0.00000646,1,0.26,-5.876,1,0.0543,83.37,4,0.363,0.364,0.263,0.027,0.915,0.30222,210.34377,Energetic
37i9dQZF1DX6VdMW310YC7,Spotify,Chill Tracks,0uTkVCAf8PxMo8NJ3tFYzH,Life on Hold,0.571,0.681,207541,0.935,0.458,0,0.108,-6.392,0,0.0417,121.999,4,0.0584,0,0.064,0.75,1,0,198.37968,Chill
37i9dQZF1DX4mWCZw6qYIw,Spotify,songs to scream in the car,27OeeYzk6klgBh83TSvGMA,WITHOUT YOU,0.213,0.662,161385,0.413,0,0,0.134,-7.357,1,0.0299,93.005,4,0.467,0.388,0.573,0.217,0.949,0.37388,154.20952,Angry
37i9dQZF1DWXLSRKeL7KwM,Spotify,Energy Booster: Country,5ipliYl84z26IyTnGMbZVT,River's Still Running,0.0251,0.542,189773,0.795,0,0,0.122,-5.662,1,0.0262,85.951,4,0.476,0.441,0.586,0,0.952,0.16771,178.48018,Energetic
37i9dQZF1DWXLSRKeL7KwM,Spotify,Energy Booster: Country,4ijajhHtBsOn91S4dgkhu7,Minimum Wage,0.00187,0.546,228187,0.934,0,4,0.062,-3.796,1,0.0643,89.972,4,0.775,0.905,0.509,0.101,1,0.17778,223.19601,Energetic
37i9dQZF1DX6VdMW310YC7,Spotify,Chill Tracks,1XutAsAMUAmVgLy0RXOb1k,Light Up,0.808,0.382,228577,0.264,0.887,9,0.0851,-13.448,1,0.0378,115.794,4,0.107,0.468,0.552,0.19,0.968,0,215.88753,Chill
37i9dQZF1DX4mWCZw6qYIw,Spotify,songs to scream in the car,6s86N7LVaJZuU4alwKp6XO,Are you happy?,0.714,0.632,157556,0.578,0,9,0.42,-7.657,0,0.0905,139.324,4,0.297,0.455,0.512,0.635,0.958,0.21465,151.63791,Angry
37i9dQZF1DWXLSRKeL7KwM,Spotify,Energy Booster: Country,3Qe097eJNp9MfpT2PieEw0,Don't Ya,0.0566,0.537,181210,0.693,0,9,0.146,-5.256,1,0.0847,176.004,4,0.581,0.195,0.31,0.388,1,0.16893,177.99837,Energetic
37i9dQZF1DX6VdMW310YC7,Spotify,Chill Tracks,5kVRGfWiIOcJwxIjLjesuM,Settle,0.113,0.579,252000,0.716,0.219,0,0.145,-7.64,0,0.0309,122.023,4,0.133,0,0.29,0.713,0.326,0.24966,247.47247,Chill
37i9dQZF1DWXLSRKeL7KwM,Spotify,Energy Booster: Country,5avVDmK9FVJpd3MDO8I3Zl,Wine  Beer  Whiskey,0.617,0.727,196160,0.914,0,7,0.596,-5.85,1,0.0743,106.021,4,0.784,0.556,0.553,0.872,1,0.15007,186.82776,Energetic
37i9dQZF1DX4mWCZw6qYIw,Spotify,songs to scream in the car,3FAJ6O0NOHQV8Mc5Ri6ENp,Heartbreak Anniversary,0.524,0.449,198371,0.465,0.00000102,0,0.303,-8.964,1,0.0791,89.087,3,0.543,0.735,0.642,0.181,0,0.1458,191.55882,Angry
37i9dQZF1DX6VdMW310YC7,Spotify,Chill Tracks,0EnCOAi1Nx7yJwlQpUoha1,Endless,0.039,0.634,227587,0.77,0.28,2,0.113,-8.499,1,0.0352,114.98,4,0.295,0.267,0.514,0.477,1,0.23728,217.39684,Chill
37i9dQZF1DWXLSRKeL7KwM,Spotify,Energy Booster: Country,2vWFVrnWCKbuG46aG9fXrD,GOOD TIME,0.0874,0.802,214720,0.59,0,5,0.275,-7.189,1,0.0493,138.084,4,0.687,0.577,0.412,0.859,1,3.75583,211.68472,Energetic
37i9dQZF1DWXLSRKeL7KwM,Spotify,Energy Booster: Country,5qRRiqndqXaq2QBudIrkYU,Dirty Laundry,0.0595,0.456,204093,0.874,0.0000112,10,0.111,-4.129,0,0.114,200.179,4,0.5,0.267,0.415,0.216,0.82,0.20376,194.18268,Energetic
37i9dQZF1DX6VdMW310YC7,Spotify,Chill Tracks,3bqDhyjEa7LmeK8lfmPF9d,Aura,0.96,0.55,151111,0.0603,0.874,6,0.0896,-23.048,1,0.0742,108.063,4,0.274,0.422,0.509,0.198,1,2.65288,141.0496,Chill
37i9dQZF1DX4mWCZw6qYIw,Spotify,songs to scream in the car,2tGvwE8GcFKwNdAXMnlbfl,happier,0.765,0.395,175933,0.443,0.00000967,6,0.0839,-9.72,1,0.133,168.924,3,0.338,0.584,0.648,0.146,1,4.68463,172.82031,Angry
37i9dQZF1DWXLSRKeL7KwM,Spotify,Energy Booster: Country,2d48mamATjby7wgPjdrSOQ,Craving You,0.000854,0.613,223627,0.839,0,9,0.341,-3.799,0,0.0352,104.975,4,0.526,0.546,0.427,0.741,0.982,3.29143,216.99048,Energetic
37i9dQZF1DX6VdMW310YC7,Spotify,Chill Tracks,5fGzPMN2xj7vU01qcJOFRy,Chains Chilled (with Project 46),0.361,0.664,219661,0.82,0.299,0,0.1,-6.475,1,0.0982,117.968,4,0.129,0.642,0.475,0.929,0.99,4.04608,211.21451,Chill
37i9dQZF1DX4mWCZw6qYIw,Spotify,songs to scream in the car,15OCqNPYoLziEAsbVnqRj5,Good Without,0.0723,0.616,182121,0.576,0,11,0.375,-5.495,0,0.0532,89.962,4,0.269,0.405,0.471,0.2,0.928,0.1566,175.90857,Angry
37i9dQZF1DWXLSRKeL7KwM,Spotify,Energy Booster: Country,3z1PqYwMtct2Dm4R9lhWnT,Gunpowder & Lead,0.153,0.333,191693,0.907,0,0,0.395,-3.191,1,0.0959,187.826,4,0.353,0.858,0.509,0.346,0.812,2.61224,185.17332,Energetic
37i9dQZF1DX6VdMW310YC7,Spotify,Chill Tracks,139cV9ZeoqSgXAdPXIRrRU,Temporary Love,0.395,0.563,244268,0.732,0.712,0,0.0828,-8.621,0,0.0393,118.025,4,0.0397,0.36,0.393,0.691,0.994,0.20281,227.35818,Chill
37i9dQZF1DWXLSRKeL7KwM,Spotify,Energy Booster: Country,4aGG4VOWGv9RwlYQNsBrkE,Caught Up In The Country,0.0123,0.603,160991,0.807,0,7,0.539,-6.999,1,0.045,124.099,4,0.685,0.592,0.655,0.846,0.978,0.08095,160.99124,Energetic
37i9dQZF1DX4mWCZw6qYIw,Spotify,songs to scream in the car,3RLshk3cDQOqWhSIRCVaXL,la di die (feat. jxdn),0.0036,0.484,195191,0.643,0,1,0.243,-4.72,1,0.0416,163.97,4,0.345,0.693,0.705,0.266,0.998,0,189.59093,Angry
37i9dQZF1DX6VdMW310YC7,Spotify,Chill Tracks,4YjIG5Py1vSzIJTLcc6ZaE,Kyoto Nights,0.279,0.782,158077,0.73,0.681,6,0.317,-7.292,0,0.0455,115.992,4,0.308,0.794,0.584,0.733,1,0.19732,149.91965,Chill
37i9dQZF1DWXLSRKeL7KwM,Spotify,Energy Booster: Country,3ts6xK5GzfMAAriT9AIBmP,Barefoot Blue Jean Night,0.202,0.599,167427,0.807,0,4,0.196,-4.679,1,0.0402,172.017,4,0.812,0.834,0.397,0.471,0.987,0.15088,154.20372,Energetic
37i9dQZF1DX4mWCZw6qYIw,Spotify,songs to scream in the car,0awuNCj9gwJEM0seER22DW,CHICKEN TENDIES,0.358,0.57,196844,0.689,0,7,0.0819,-6.242,1,0.147,100.087,4,0.568,0.568,0.571,0.362,0.801,0.11991,188.87692,Angry
37i9dQZF1DWXLSRKeL7KwM,Spotify,Energy Booster: Country,58spuRyMUsjKHQHEGwLC99,80s Mercedes,0.0665,0.485,211767,0.834,0,9,0.28,-5.413,1,0.0715,90.933,4,0.659,0.568,0.585,0.564,1,0,206.16998,Energetic
37i9dQZF1DX6VdMW310YC7,Spotify,Chill Tracks,04BNQFaBlFF7WDeTb1V0AP,The Best Part,0.0203,0.688,250000,0.654,0.251,4,0.117,-8.521,1,0.0493,123.011,4,0.59,0.678,0.547,0.903,1,0.33238,240.98248,Chill
37i9dQZF1DWXLSRKeL7KwM,Spotify,Energy Booster: Country,7BSZJLXPTktuZZAe8VYbbF,We Owned The Night,0.281,0.657,197800,0.714,0.000145,1,0.0838,-6.965,1,0.0273,99.991,4,0.488,0.741,0.716,0.45,1,1.14916,187.68109,Energetic
37i9dQZF1DX4mWCZw6qYIw,Spotify,songs to scream in the car,2gMXnyrvIjhVBUZwvLZDMP,Before You Go,0.604,0.459,215107,0.575,0,3,0.0885,-4.858,1,0.0573,111.881,4,0.183,0.518,0.592,0.36,0.736,0.14444,207.89406,Angry
37i9dQZF1DX6VdMW310YC7,Spotify,Chill Tracks,5hp4te9BVHl3m1ZFSj62eX,Lowkey,0.372,0.715,193412,0.481,0.0117,5,0.115,-8.684,0,0.0347,84.944,4,0.264,0.126,0.375,0.134,1,0,190.92027,Chill
37i9dQZF1DWXLSRKeL7KwM,Spotify,Energy Booster: Country,0hYyHSuIKAvSdv1MwUkojC,Beach Cowboy,0.191,0.75,137600,0.72,0.00000198,9,0.0917,-5.879,0,0.0399,117.973,4,0.811,0.085,0.292,0.578,1,0.08104,133.42186,Energetic
37i9dQZF1DWXLSRKeL7KwM,Spotify,Energy Booster: Country,2Fk0WwAqTBesLtKg97nojy,Crash and Burn,0.0873,0.69,190733,0.781,0.00000228,5,0.164,-5.101,0,0.0305,130.02,4,0.841,0.262,0.373,0.766,1,0.20322,187.37341,Energetic
37i9dQZF1DX6VdMW310YC7,Spotify,Chill Tracks,4H33DONRzLH1dfbCXoFgbq,Japan - Satin Jackets Remix,0.00721,0.708,237419,0.771,0.164,2,0.277,-9.022,0,0.0394,92.986,4,0.371,0.444,0.576,0.585,1,0.09279,226.3133,Chill
37i9dQZF1DX4mWCZw6qYIw,Spotify,songs to scream in the car,2TeLIzFBe3hxkPR5FIQZut,Like I Can,0.343,0.656,167066,0.627,0.0000217,7,0.124,-6.627,0,0.0379,99.933,4,0.481,0.285,0.57,0.543,0.902,0.10485,161.66313,Angry
37i9dQZF1DWXLSRKeL7KwM,Spotify,Energy Booster: Country,7rdK9NSJIRBZAiXC0vuBS9,I'd Be Jealous Too,0.0896,0.716,185707,0.718,0,0,0.473,-5.355,1,0.0293,100.934,4,0.537,0.377,0.453,0.247,1,4.22603,179.50186,Energetic
37i9dQZF1DX6VdMW310YC7,Spotify,Chill Tracks,3kKhaaIjqGMcOVhl5r36Ap,Reflections,0.294,0.63,231250,0.4,0.906,9,0.111,-16.113,0,0.0319,120.019,4,0.0516,0.924,0.701,0.784,1,0.25533,207.1104,Chill
37i9dQZF1DX4mWCZw6qYIw,Spotify,songs to scream in the car,2CVChktEKBsM6v4IfdFU5k,double take,0.828,0.663,171743,0.434,0,8,0.249,-11.177,1,0.0648,109.075,4,0.225,0.124,0.478,0.086,1,0,165.48862,Angry
37i9dQZF1DWXLSRKeL7KwM,Spotify,Energy Booster: Country,4dGJf1SER1T6ooX46vwzRB,Chicken Fried,0.645,0.566,238147,0.713,0,6,0.114,-4.25,1,0.0417,169.864,4,0.807,0.966,0.835,0.517,0.842,1.62544,230.93407,Energetic
37i9dQZF1DX6VdMW310YC7,Spotify,Chill Tracks,4cYMt6WiUFShfZ6M1A9LPi,Ikebana,0.0557,0.713,169831,0.715,0.84,10,0.111,-5.446,0,0.0266,117.975,4,0.13,0.23,0.379,0.906,0.994,0.08703,159.98549,Chill
37i9dQZF1DWXLSRKeL7KwM,Spotify,Energy Booster: Country,2jxr70XvPQvuEwVkbbZ0Vw,Good Life,0.0184,0.601,191387,0.963,0.0014,7,0.126,-3.653,1,0.0828,156.002,4,0.946,0.469,0.618,0.573,1,3.05342,186.4098,Energetic
37i9dQZF1DX4mWCZw6qYIw,Spotify,songs to scream in the car,6ATgDc6e4sPn84hvJsAmPt,hate u love u,0.656,0.407,175467,0.416,0,6,0.0981,-8.915,0,0.174,176.947,4,0.246,0.669,0.714,0.091,0.942,0.2449,164.90813,Angry
37i9dQZF1DX6VdMW310YC7,Spotify,Chill Tracks,1fMh032FtBwJDk1iGurH9Y,This Could Be - Chill Mix,0.664,0.783,178200,0.423,0.782,3,0.158,-9.352,0,0.0279,99.988,4,0.183,0.462,0.486,0.373,1,0.56231,166.61478,Chill
37i9dQZF1DWXLSRKeL7KwM,Spotify,Energy Booster: Country,6hbwFerDj55bMGZZvcInze,Bottoms Up - Remix,0.0153,0.559,221573,0.754,0,7,0.355,-5.509,1,0.0712,169.977,4,0.303,0.352,0.476,0.336,1,2.71093,214.8078,Energetic
37i9dQZF1DWXLSRKeL7KwM,Spotify,Energy Booster: Country,0pdfN7nOHMYmKykzu1cyfm,Any Man Of Mine,0.207,0.592,246760,0.725,0,8,0.148,-8.698,1,0.0412,78.235,4,0.784,0,0.073,0.119,0.974,0,241.3424,Energetic
37i9dQZF1DX4mWCZw6qYIw,Spotify,songs to scream in the car,5tqNWWiySiABLrGAvSWsO5,Is It Just Me? (feat. Charlie Puth),0.699,0.682,154275,0.363,0.00003,2,0.363,-10.837,1,0.0261,94.978,4,0.203,0.805,0.779,0.101,0.92,0.12195,149.14757,Angry
37i9dQZF1DX6VdMW310YC7,Spotify,Chill Tracks,1QBCsA9ilCqLm7BcWRxqT5,Something  Everything,0.137,0.621,317428,0.764,0.0843,5,0.109,-5.839,0,0.0284,125.978,4,0.374,0.514,0.549,0.695,0.872,0,303.97244,Chill
37i9dQZF1DWXLSRKeL7KwM,Spotify,Energy Booster: Country,2jwaErbghhcia4JqUYWz3g,Days Go By,0.0633,0.589,224630,0.892,0,2,0.149,-3.197,1,0.0365,131.951,4,0.76,0.69,0.722,0.841,0.817,0,211.67891,Energetic
37i9dQZF1DX6VdMW310YC7,Spotify,Chill Tracks,02tKAxBF9EazkMi4pBXb3o,Underwater - Leossa Remix,0.112,0.679,224727,0.818,0.0285,2,0.0911,-6.955,1,0.0433,123.989,4,0.325,0.768,0.706,0.705,1,0.07782,217.43166,Chill
37i9dQZF1DWXLSRKeL7KwM,Spotify,Energy Booster: Country,2KKijf6Ett4kmVNJze2roh,The Git Up,0.0669,0.847,200594,0.678,0,9,0.274,-8.635,1,0.109,97.984,4,0.811,0.132,0.198,0.47,1,0,194.4497,Energetic
37i9dQZF1DX4mWCZw6qYIw,Spotify,songs to scream in the car,3pCt2wRdBDa2kCisIdHWgF,To the Bone,0.514,0.668,344571,0.727,0.000019,7,0.1,-6.55,0,0.027,139.991,4,0.939,0.261,0.449,0.826,1,0,340.67157,Angry
37i9dQZF1DWXLSRKeL7KwM,Spotify,Energy Booster: Country,498ZVInMGDkmmNVpSWqHiZ,May We All,0.0409,0.514,226173,0.918,0,7,0.342,-4.306,1,0.0365,150.033,4,0.64,0.449,0.673,0.1,1,0.16413,214.32599,Energetic
37i9dQZF1DX6VdMW310YC7,Spotify,Chill Tracks,6tkHWTety7Wd4Fv4oyGAcz,i think you're cool,0.201,0.618,213624,0.662,0.0418,7,0.113,-7.724,1,0.056,92.032,4,0.254,0.263,0.538,0.27,0.911,0,207.33098,Chill
37i9dQZF1DX4mWCZw6qYIw,Spotify,songs to scream in the car,1w9L6dvttZalWd8XqFYvSa,Isabelle,0.196,0.678,135000,0.716,0,10,0.102,-4.403,1,0.0342,109.981,4,0.627,0.494,0.525,0.746,1,0.23819,128.65016,Angry
37i9dQZF1DWXLSRKeL7KwM,Spotify,Energy Booster: Country,0gY2iq0xJPRoIB1PScKSw4,Honey Bee,0.00167,0.481,210720,0.849,0.00000149,4,0.121,-5.131,1,0.0385,205.57,4,0.723,0.427,0.497,0.07,1,0.56866,196.4234,Energetic
37i9dQZF1DX6VdMW310YC7,Spotify,Chill Tracks,0GK4ZRf8VCGhS9qtVSNjbj,Ozon,0.902,0.539,194029,0.449,0.92,7,0.0991,-16.465,0,0.0491,123.064,4,0.0397,0.36,0.485,0.386,1,0,182.44499,Chill
37i9dQZF1DWXLSRKeL7KwM,Spotify,Energy Booster: Country,00fjo9x6qJTFwARfpQYijD,Country Stuff (feat. Jake Owen),0.0827,0.684,154587,0.779,0,7,0.34,-7.028,1,0.134,95.988,4,0.632,0.469,0.414,0.436,1,0.30676,149.05469,Energetic
37i9dQZF1DX4mWCZw6qYIw,Spotify,songs to scream in the car,47EWMOElkkbMp5m9SBkx7d,IDK You Yet,0.884,0.629,184638,0.306,0.0776,1,0.124,-11.735,1,0.0424,76.994,1,0.191,0.301,0.476,0.04,0.674,0,177.02893,Angry
37i9dQZF1DX6VdMW310YC7,Spotify,Chill Tracks,7u3tmftMEaOYqYE6fUnNmX,8 Hours  Still No Rain,0.924,0.383,182901,0.21,0.95,6,0.0937,-17.512,1,0.0352,119.997,4,0.0547,0.352,0.458,0.237,0.508,2.91991,168.7278,Chill
37i9dQZF1DWXLSRKeL7KwM,Spotify,Energy Booster: Country,6cjwec9ii5uLK7CDfPBYt1,Wide Open Spaces,0.577,0.563,223832,0.544,0,4,0.128,-6.102,1,0.0306,179.351,4,0.602,0.774,0.682,0.162,0.966,0.35932,212.09106,Energetic
37i9dQZF1DX4mWCZw6qYIw,Spotify,songs to scream in the car,05ABOPiW13nqIedJfqmfPM,rubberband,0.32,0.64,147713,0.593,0,10,0.104,-6.068,1,0.0431,155.08,4,0.432,0.404,0.468,0.166,0.945,0.12159,139.1804,Angry
37i9dQZF1DX6VdMW310YC7,Spotify,Chill Tracks,2PMiXyCDik39WiEYvV2wbk,Never,0.109,0.428,233729,0.656,0.81,7,0.098,-7.67,1,0.0378,122.006,4,0.206,0.694,0.704,0.577,0.995,0,223.48045,Chill
37i9dQZF1DWXLSRKeL7KwM,Spotify,Energy Booster: Country,3xdjjKMcMOFgo1eQrfbogM,Wagon Wheel,0.455,0.537,298373,0.66,0,9,0.135,-7.174,1,0.0296,148.096,4,0.574,0.754,0.735,0.793,0.668,0.36599,286.035,Energetic
37i9dQZF1DWXLSRKeL7KwM,Spotify,Energy Booster: Country,16zKFMyWWEy6eo0L1ez59R,Hooch,0.0399,0.653,144998,0.679,0,7,0.325,-6.268,0,0.0529,136.067,4,0.744,0.215,0.206,0.679,0.471,0.15664,139.7551,Energetic
37i9dQZF1DX6VdMW310YC7,Spotify,Chill Tracks,1BbXlbs8pWeYI2yGpGhuzA,Erase,0.47,0.279,253240,0.542,0.601,1,0.0888,-11.962,1,0.0494,123.846,4,0.163,0.717,0.616,0.254,1,0.16703,247.32735,Chill
37i9dQZF1DX4mWCZw6qYIw,Spotify,songs to scream in the car,5kcvBnt6DPX3AMEsCx1qDh,Happiest Year,0.885,0.501,228443,0.167,0,1,0.111,-14.061,1,0.0484,112.275,3,0.356,0.71,0.78,0.094,0.045,0.22077,205.07864,Angry
37i9dQZF1DWXLSRKeL7KwM,Spotify,Energy Booster: Country,49oBFP6ZHPtd6t33LFTD3E,Good Vibes,0.022,0.582,165587,0.846,0,0,0.133,-2.771,1,0.0451,92.004,4,0.736,0.761,0.64,0.15,1,0.16844,160.62984,Energetic
37i9dQZF1DX6VdMW310YC7,Spotify,Chill Tracks,0ycteGsaJrAlhOh1hEBH5X,MINDGAMES - (JYRYMY REMIX),0.574,0.625,235537,0.566,0.0053,1,0.0999,-7.877,1,0.206,121.085,4,0.181,0.256,0.46,0.694,0.983,0.06467,230.71927,Chill
37i9dQZF1DWXLSRKeL7KwM,Spotify,Energy Booster: Country,1yoKxDLsg38FSRJv60NIo3,County Roads,0.0463,0.658,191765,0.813,0,8,0.388,-3.305,1,0.0486,116.06,4,0.518,0.95,0.741,0.737,0.92,0.20295,188.42413,Energetic
37i9dQZF1DX4mWCZw6qYIw,Spotify,songs to scream in the car,727Z2S2mtNH46CbP9EWPwY,If You Love Her,0.355,0.286,217352,0.445,0,6,0.114,-8.087,1,0.0347,50.827,4,0.278,0.569,0.599,0.027,0.17,0.36571,211.33061,Angry
37i9dQZF1DWXLSRKeL7KwM,Spotify,Energy Booster: Country,44xWtabQzBHKXxD0UVLSNQ,Last Name,0.194,0.395,241053,0.869,0,3,0.0874,-3.154,1,0.109,159.833,4,0.688,0.345,0.517,0.321,0.829,0.16834,237.01189,Energetic
37i9dQZF1DX6VdMW310YC7,Spotify,Chill Tracks,5J54xW5p85niQOxeq7GiD5,Silence,0.0492,0.59,245881,0.792,0.867,0,0.127,-8.376,0,0.0461,121.033,4,0.05,0.387,0.413,0.512,0.886,0.22186,241.02313,Chill
37i9dQZF1DX4mWCZw6qYIw,Spotify,songs to scream in the car,4nzBST9JdZIy9qfilr93Po,aftermath,0.018,0.617,166610,0.38,0,9,0.112,-9.275,1,0.0361,116.961,4,0.192,0.279,0.43,0.49,0.865,0.07075,162.30168,Angry
37i9dQZF1DWXLSRKeL7KwM,Spotify,Energy Booster: Country,53Dj5PCDhb22qWqmre3YQs,Aw Naw,0.0639,0.652,188707,0.859,0,2,0.0777,-3.746,1,0.0358,109.971,4,0.491,0.275,0.509,0.919,0.712,0.49909,182.97324,Energetic
37i9dQZF1DX6VdMW310YC7,Spotify,Chill Tracks,77yuMisqclmt9pq5MnrxRA,Another Dawn,0.0774,0.595,196985,0.866,0.55,2,0.112,-8.219,1,0.0339,121.999,4,0.0346,0,0.111,0.844,1,0.47619,184.57542,Chill
37i9dQZF1DWXLSRKeL7KwM,Spotify,Energy Booster: Country,0OlS52TmtK2gPaEtdmr7DN,No Such Thing as a Broken Heart,0.295,0.651,176893,0.782,0,8,0.107,-4.295,1,0.0718,171.987,4,0.945,0.631,0.763,0.322,1,1.02154,174.71855,Energetic
37i9dQZF1DX4mWCZw6qYIw,Spotify,songs to scream in the car,7qGzlqZnl6j8qccvV70PhL,Emily,0.0137,0.581,201658,0.519,0.0000686,8,0.0808,-6.649,1,0.0946,83.998,4,0.267,0.541,0.565,0.178,1,0.17896,198.17651,Angry
37i9dQZF1DX6VdMW310YC7,Spotify,Chill Tracks,6Drks6dbqYCZ303NPH4c6T,The Letter,0.0111,0.729,235436,0.621,0.938,7,0.0656,-14.886,0,0.042,126.015,4,0.322,0.693,0.753,1,0.981,0,225.46576,Chill
37i9dQZF1DWXLSRKeL7KwM,Spotify,Energy Booster: Country,6pMR5gZyVQQFIzh0NAvX41,4 X 4 Play,0.047,0.731,201711,0.84,0,7,0.0532,-5.224,1,0.0282,93.987,4,0.775,0.719,0.499,0.202,1,0,199.36073,Energetic
37i9dQZF1DX6VdMW310YC7,Spotify,Chill Tracks,3PVczFr0abPSkgcwjXJJDh,Let You Know,0.242,0.61,173167,0.571,0.21,5,0.228,-9.432,1,0.0395,89.769,4,0.147,0.701,0.502,0.626,1,0.17397,167.89769,Chill
37i9dQZF1DWXLSRKeL7KwM,Spotify,Energy Booster: Country,2BKcZtKFDWpvRkmr25EMNK,More Than I Know,0.0279,0.66,168591,0.917,0,4,0.377,-3.667,0,0.053,107.075,4,0.654,0.609,0.614,0.824,0.95,0,164.16508,Energetic
37i9dQZF1DX4mWCZw6qYIw,Spotify,songs to scream in the car,5SFXOMJJ334Wn2PwBHeRZN,Girls Like Us,0.288,0.444,189000,0.648,0,1,0.059,-4.955,1,0.0476,125.706,5,0.171,0.631,0.622,0,1,0.20336,185.75964,Angry
37i9dQZF1DWXLSRKeL7KwM,Spotify,Energy Booster: Country,6mBlft6IhCJwPNKhnbb0wK,The Bull,0.00799,0.741,189160,0.693,0.00000503,7,0.0896,-6.326,1,0.0575,122.981,4,0.702,0.39,0.5,0.917,0.978,0.20308,178.24799,Energetic
37i9dQZF1DWXLSRKeL7KwM,Spotify,Energy Booster: Country,0Utg7sirTPqrs6Cx0FbriQ,Chillin' It,0.511,0.576,196747,0.849,0.0000389,9,0.109,-3.057,1,0.0386,137.982,4,0.666,0.657,0.567,0.843,0.817,1.07102,191.51237,Energetic
37i9dQZF1DX4mWCZw6qYIw,Spotify,songs to scream in the car,1A6gT680oQr98VtDkNzys7,24/5,0.403,0.559,158221,0.763,0,0,0.127,-4.16,1,0.105,91.069,4,0.349,0.483,0.602,0.593,0.938,0.20331,149.2811,Angry
